facility_id,location,cleanliness_score,odor_score,waste_level,water_availability,footfall,complaints,hours_since_cleaning,inspection_date,risk_level
F0001,Urban,7,6,7,Available,723,1,45,2024-01-01,Medium
F0002,Rural,3,8,2,Limited,522,1,34,2024-01-02,Medium
F0003,Semi-Urban,7,7,9,Available,25,2,11,2024-01-03,Medium
F0004,Semi-Urban,8,8,4,Available,840,5,48,2024-01-04,Medium
F0005,Urban,10,9,9,Available,163,6,42,2024-01-05,Medium
F0006,Urban,6,6,2,Available,877,4,47,2024-01-06,Medium
F0007,Urban,10,3,10,Available,280,2,27,2024-01-07,Medium
F0008,Rural,9,10,4,Available,604,3,42,2024-01-08,Medium
F0009,Semi-Urban,6,3,5,Available,705,4,2,2024-01-09,Low
F0010,Semi-Urban,9,1,2,Available,251,1,6,2024-01-10,Low
F0011,Urban,4,5,10,Available,289,0,46,2024-01-11,Medium
F0012,Rural,8,4,1,Available,959,7,2,2024-01-12,Low
F0013,Rural,4,9,7,Limited,466,2,42,2024-01-13,High
F0014,Urban,2,9,10,Unavailable,893,6,17,2024-01-14,High
F0015,Urban,10,5,1,Limited,241,2,40,2024-01-15,Medium
F0016,Urban,9,10,8,Available,71,3,48,2024-01-16,Medium
F0017,Urban,5,4,3,Available,135,6,14,2024-01-17,Low
F0018,Semi-Urban,4,7,10,Available,557,4,10,2024-01-18,Medium
F0019,Urban,2,6,6,Available,584,2,45,2024-01-19,Medium
F0020,Urban,1,4,7,Available,896,7,33,2024-01-20,High
F0021,Semi-Urban,7,10,10,Available,560,5,42,2024-01-21,High
F0022,Urban,6,2,1,Available,38,5,12,2024-01-22,Low
F0023,Urban,2,1,6,Available,834,0,32,2024-01-23,Medium
F0024,Urban,8,4,7,Unavailable,411,2,24,2024-01-24,Medium
F0025,Semi-Urban,4,4,6,Available,810,1,14,2024-01-25,Medium
F0026,Semi-Urban,8,1,4,Available,648,5,5,2024-01-26,Low
F0027,Urban,7,6,1,Available,637,3,5,2024-01-27,Low
F0028,Semi-Urban,5,4,9,Available,438,8,47,2024-01-28,Medium
F0029,Semi-Urban,10,1,4,Available,328,2,32,2024-01-29,Low
F0030,Urban,10,1,7,Available,758,3,45,2024-01-30,Medium
F0031,Semi-Urban,8,1,7,Available,883,2,33,2024-01-31,Medium
F0032,Urban,9,8,2,Limited,205,3,46,2024-02-01,Medium
F0033,Urban,5,10,1,Limited,280,5,4,2024-02-02,Medium
F0034,Rural,10,8,8,Unavailable,547,8,30,2024-02-03,High
F0035,Rural,5,2,8,Limited,292,3,41,2024-02-04,Medium
F0036,Rural,2,7,7,Available,179,3,17,2024-02-05,Medium
F0037,Urban,5,8,8,Available,889,5,3,2024-02-06,Medium
F0038,Urban,3,8,3,Available,781,2,13,2024-02-07,Medium
F0039,Semi-Urban,7,10,2,Available,243,4,44,2024-02-08,Medium
F0040,Urban,10,7,7,Available,275,3,48,2024-02-09,Medium
F0041,Urban,5,5,8,Limited,199,5,36,2024-02-10,Medium
F0042,Semi-Urban,8,1,1,Available,39,4,18,2024-02-11,Low
F0043,Urban,1,9,10,Available,643,4,23,2024-02-12,High
F0044,Rural,3,7,9,Available,651,2,35,2024-02-13,Medium
F0045,Urban,3,2,4,Unavailable,725,4,33,2024-02-14,High
F0046,Semi-Urban,9,6,4,Available,487,5,36,2024-02-15,Medium
F0047,Urban,5,2,3,Limited,642,3,17,2024-02-16,Medium
F0048,Semi-Urban,9,1,6,Limited,229,0,39,2024-02-17,Medium
F0049,Semi-Urban,9,7,1,Unavailable,532,3,34,2024-02-18,Medium
F0050,Urban,1,2,6,Limited,77,6,12,2024-02-19,Medium
F0051,Rural,2,2,2,Limited,112,5,5,2024-02-20,Medium
F0052,Semi-Urban,5,5,9,Available,240,3,48,2024-02-21,Medium
F0053,Rural,4,5,2,Available,742,1,40,2024-02-22,Medium
F0054,Rural,10,7,7,Available,959,6,27,2024-02-23,Medium
F0055,Semi-Urban,9,1,1,Available,251,3,40,2024-02-24,Low
F0056,Rural,7,8,7,Unavailable,793,2,13,2024-02-25,Medium
F0057,Urban,6,3,5,Available,383,3,26,2024-02-26,Medium
F0058,Urban,7,4,8,Limited,634,6,14,2024-02-27,Medium
F0059,Urban,1,9,4,Available,581,1,32,2024-02-28,Medium
F0060,Urban,1,4,10,Available,393,3,11,2024-02-29,Medium
F0061,Urban,8,10,7,Unavailable,641,1,38,2024-03-01,High
F0062,Urban,2,5,6,Available,475,4,16,2024-03-02,Medium
F0063,Rural,10,7,5,Available,107,1,22,2024-03-03,Low
F0064,Urban,9,4,4,Available,39,2,47,2024-03-04,Low
F0065,Urban,7,1,7,Available,33,5,16,2024-03-05,Low
F0066,Semi-Urban,6,9,5,Available,152,2,13,2024-03-06,Medium
F0067,Urban,1,4,5,Available,956,3,12,2024-03-07,Medium
F0068,Rural,1,9,1,Available,827,4,18,2024-03-08,Medium
F0069,Urban,2,6,2,Limited,53,3,29,2024-03-09,Medium
F0070,Rural,6,1,5,Limited,911,6,18,2024-03-10,Medium
F0071,Semi-Urban,6,3,3,Available,227,3,46,2024-03-11,Medium
F0072,Urban,2,2,2,Available,832,3,2,2024-03-12,Low
F0073,Urban,1,9,4,Limited,218,3,2,2024-03-13,Medium
F0074,Rural,10,1,4,Available,611,2,3,2024-03-14,Low
F0075,Semi-Urban,5,9,4,Available,602,3,29,2024-03-15,Medium
F0076,Semi-Urban,5,9,4,Available,174,4,8,2024-03-16,Medium
F0077,Semi-Urban,2,8,3,Limited,609,3,11,2024-03-17,Medium
F0078,Urban,6,8,7,Available,97,3,12,2024-03-18,Medium
F0079,Urban,9,1,9,Available,191,3,32,2024-03-19,Medium
F0080,Urban,2,8,5,Available,308,2,4,2024-03-20,Medium
F0081,Rural,10,10,4,Available,564,5,9,2024-03-21,Low
F0082,Semi-Urban,2,3,2,Available,831,4,24,2024-03-22,Medium
F0083,Urban,3,7,2,Available,807,0,16,2024-03-23,Medium
F0084,Urban,7,1,5,Limited,898,2,17,2024-03-24,Medium
F0085,Urban,6,1,7,Unavailable,439,5,47,2024-03-25,High
F0086,Urban,8,10,10,Available,26,3,22,2024-03-26,Medium
F0087,Semi-Urban,8,5,10,Available,179,1,7,2024-03-27,Low
F0088,Semi-Urban,6,5,9,Available,259,1,10,2024-03-28,Medium
F0089,Rural,10,8,7,Limited,982,2,29,2024-03-29,Medium
F0090,Semi-Urban,3,7,5,Limited,442,2,36,2024-03-30,Medium
F0091,Urban,3,8,10,Available,555,5,24,2024-03-31,High
F0092,Semi-Urban,1,6,10,Available,745,3,46,2024-04-01,High
F0093,Semi-Urban,7,6,10,Limited,89,7,14,2024-04-02,Medium
F0094,Semi-Urban,5,2,6,Available,899,5,14,2024-04-03,Medium
F0095,Semi-Urban,4,6,3,Available,235,3,25,2024-04-04,Medium
F0096,Semi-Urban,10,5,5,Available,123,6,46,2024-04-05,Medium
F0097,Semi-Urban,4,3,8,Available,746,4,22,2024-04-06,Medium
F0098,Urban,4,6,1,Available,73,2,47,2024-04-07,Medium
F0099,Urban,6,8,1,Limited,825,1,23,2024-04-08,Medium
F0100,Urban,8,9,7,Available,349,3,32,2024-04-09,Medium
F0101,Urban,8,1,5,Available,867,2,26,2024-04-10,Low
F0102,Semi-Urban,5,3,5,Available,222,4,27,2024-04-11,Medium
F0103,Urban,6,3,1,Available,307,6,45,2024-04-12,Medium
F0104,Semi-Urban,4,8,9,Available,64,2,12,2024-04-13,Medium
F0105,Rural,9,1,1,Available,848,3,19,2024-04-14,Low
F0106,Urban,8,5,5,Limited,217,2,19,2024-04-15,Medium
F0107,Urban,10,3,10,Available,235,6,34,2024-04-16,Medium
F0108,Semi-Urban,10,2,9,Available,500,1,32,2024-04-17,Medium
F0109,Urban,1,8,4,Available,328,8,29,2024-04-18,Medium
F0110,Urban,2,3,8,Available,915,3,21,2024-04-19,Medium
F0111,Urban,9,7,6,Limited,454,6,35,2024-04-20,Medium
F0112,Urban,8,1,3,Available,351,1,42,2024-04-21,Low
F0113,Rural,3,6,4,Unavailable,715,4,5,2024-04-22,Medium
F0114,Rural,8,3,2,Available,46,1,12,2024-04-23,Low
F0115,Semi-Urban,1,8,1,Limited,185,0,7,2024-04-24,Medium
F0116,Rural,10,6,8,Available,337,0,41,2024-04-25,Medium
F0117,Rural,4,2,1,Available,293,4,2,2024-04-26,Low
F0118,Urban,3,6,1,Available,402,4,25,2024-04-27,Medium
F0119,Rural,6,7,4,Available,384,4,10,2024-04-28,Medium
F0120,Semi-Urban,7,5,10,Limited,122,2,38,2024-04-29,Medium
F0121,Rural,4,3,10,Limited,979,3,44,2024-04-30,High
F0122,Rural,7,4,6,Available,522,3,6,2024-05-01,Low
F0123,Urban,9,4,9,Available,864,4,27,2024-05-02,Medium
F0124,Urban,2,6,1,Available,392,7,35,2024-05-03,Medium
F0125,Urban,3,10,7,Limited,635,0,10,2024-05-04,Medium
F0126,Urban,5,1,10,Available,945,3,9,2024-05-05,Medium
F0127,Rural,3,4,5,Available,264,4,20,2024-05-06,Medium
F0128,Rural,8,10,8,Available,836,4,37,2024-05-07,Medium
F0129,Urban,10,4,7,Limited,188,3,35,2024-05-08,Medium
F0130,Semi-Urban,8,10,4,Available,647,3,37,2024-05-09,Medium
F0131,Urban,8,1,4,Limited,672,3,40,2024-05-10,Medium
F0132,Urban,9,9,6,Limited,437,2,8,2024-05-11,Medium
F0133,Urban,4,4,6,Available,375,2,46,2024-05-12,Medium
F0134,Urban,5,7,9,Available,497,4,31,2024-05-13,Medium
F0135,Rural,5,3,5,Limited,144,2,43,2024-05-14,Medium
F0136,Urban,8,10,8,Available,556,4,16,2024-05-15,Medium
F0137,Semi-Urban,7,3,5,Unavailable,725,4,28,2024-05-16,Medium
F0138,Semi-Urban,9,8,2,Available,915,4,6,2024-05-17,Low
F0139,Urban,8,8,6,Available,631,4,32,2024-05-18,Medium
F0140,Rural,2,1,9,Unavailable,421,4,28,2024-05-19,High
F0141,Rural,10,10,3,Available,536,2,11,2024-05-20,Low
F0142,Urban,4,2,1,Available,550,2,42,2024-05-21,Medium
F0143,Semi-Urban,6,8,1,Limited,701,4,23,2024-05-22,Medium
F0144,Urban,2,1,3,Available,805,4,30,2024-05-23,Medium
F0145,Urban,7,8,10,Available,273,7,9,2024-05-24,Medium
F0146,Urban,3,8,5,Available,140,3,28,2024-05-25,Medium
F0147,Semi-Urban,3,2,3,Limited,51,2,24,2024-05-26,Medium
F0148,Semi-Urban,2,4,9,Limited,680,2,28,2024-05-27,High
F0149,Urban,8,6,8,Available,797,1,24,2024-05-28,Medium
F0150,Urban,6,9,3,Limited,56,0,15,2024-05-29,Medium
F0151,Rural,1,8,9,Limited,708,3,39,2024-05-30,High
F0152,Urban,1,8,6,Available,361,2,33,2024-05-31,Medium
F0153,Urban,7,7,7,Available,32,2,47,2024-06-01,Medium
F0154,Semi-Urban,8,9,4,Available,202,1,34,2024-06-02,Medium
F0155,Rural,5,2,4,Available,676,0,22,2024-06-03,Low
F0156,Urban,5,3,2,Limited,284,4,29,2024-06-04,Medium
F0157,Semi-Urban,4,10,5,Limited,107,1,34,2024-06-05,Medium
F0158,Semi-Urban,6,8,8,Available,959,4,42,2024-06-06,Medium
F0159,Urban,6,6,7,Available,481,6,47,2024-06-07,Medium
F0160,Semi-Urban,3,10,7,Available,65,1,10,2024-06-08,Medium
F0161,Urban,9,9,6,Available,411,3,45,2024-06-09,Medium
F0162,Semi-Urban,7,10,3,Available,138,2,30,2024-06-10,Medium
F0163,Semi-Urban,1,4,5,Available,952,5,11,2024-06-11,Medium
F0164,Semi-Urban,7,8,1,Available,550,3,34,2024-06-12,Medium
F0165,Urban,5,10,7,Available,466,1,21,2024-06-13,Medium
F0166,Rural,5,3,9,Limited,751,1,13,2024-06-14,Medium
F0167,Urban,2,3,1,Available,961,3,25,2024-06-15,Medium
F0168,Urban,4,8,2,Available,764,2,21,2024-06-16,Medium
F0169,Urban,6,5,3,Available,625,4,1,2024-06-17,Low
F0170,Semi-Urban,10,3,3,Available,986,5,5,2024-06-18,Low
F0171,Semi-Urban,7,10,8,Available,782,3,22,2024-06-19,Medium
F0172,Urban,5,1,7,Available,781,2,7,2024-06-20,Medium
F0173,Semi-Urban,9,3,6,Limited,813,4,13,2024-06-21,Medium
F0174,Urban,3,9,10,Available,763,1,45,2024-06-22,High
F0175,Semi-Urban,1,5,10,Limited,65,4,23,2024-06-23,High
F0176,Urban,4,10,4,Unavailable,905,2,21,2024-06-24,High
F0177,Semi-Urban,9,2,9,Limited,527,3,6,2024-06-25,Medium
F0178,Urban,4,7,1,Available,577,3,20,2024-06-26,Medium
F0179,Rural,2,2,2,Unavailable,990,1,12,2024-06-27,Medium
F0180,Urban,10,4,4,Available,545,2,40,2024-06-28,Low
F0181,Urban,5,7,3,Available,616,2,9,2024-06-29,Medium
F0182,Urban,3,4,1,Limited,850,4,28,2024-06-30,Medium
F0183,Rural,9,7,5,Available,859,3,11,2024-07-01,Low
F0184,Rural,4,7,7,Available,22,2,32,2024-07-02,Medium
F0185,Urban,6,1,2,Available,47,2,11,2024-07-03,Low
F0186,Semi-Urban,2,6,5,Available,400,3,24,2024-07-04,Medium
F0187,Rural,6,9,6,Available,176,2,15,2024-07-05,Medium
F0188,Semi-Urban,3,2,7,Available,874,3,41,2024-07-06,Medium
F0189,Semi-Urban,9,3,1,Unavailable,933,4,35,2024-07-07,Medium
F0190,Urban,2,10,7,Unavailable,950,2,17,2024-07-08,High
F0191,Urban,9,5,4,Limited,530,2,25,2024-07-09,Medium
F0192,Rural,5,9,8,Available,352,1,35,2024-07-10,Medium
F0193,Rural,8,4,4,Available,863,3,19,2024-07-11,Low
F0194,Semi-Urban,2,1,6,Unavailable,706,3,41,2024-07-12,High
F0195,Urban,6,4,9,Limited,133,3,31,2024-07-13,Medium
F0196,Urban,3,6,5,Available,408,4,17,2024-07-14,Medium
F0197,Semi-Urban,10,5,4,Available,506,3,23,2024-07-15,Low
F0198,Rural,5,1,8,Available,862,2,47,2024-07-16,Medium
F0199,Rural,8,4,9,Available,269,3,1,2024-07-17,Low
F0200,Semi-Urban,10,6,4,Available,590,4,10,2024-07-18,Low
F0201,Semi-Urban,1,10,3,Limited,734,6,8,2024-07-19,High
F0202,Urban,5,10,8,Available,334,3,42,2024-07-20,Medium
F0203,Urban,3,4,5,Available,258,3,26,2024-07-21,Medium
F0204,Rural,4,9,2,Available,253,3,34,2024-07-22,Medium
F0205,Semi-Urban,2,5,10,Available,322,3,19,2024-07-23,Medium
F0206,Urban,9,8,9,Available,626,5,14,2024-07-24,Medium
F0207,Urban,3,9,3,Available,672,4,8,2024-07-25,Medium
F0208,Semi-Urban,2,10,2,Available,353,1,1,2024-07-26,Medium
F0209,Urban,10,5,1,Limited,132,3,48,2024-07-27,Medium
F0210,Urban,9,6,8,Available,640,4,25,2024-07-28,Medium
F0211,Semi-Urban,7,1,3,Available,381,2,24,2024-07-29,Low
F0212,Semi-Urban,6,7,7,Available,876,2,47,2024-07-30,Medium
F0213,Semi-Urban,1,4,1,Limited,820,1,20,2024-07-31,Medium
F0214,Urban,5,2,1,Available,116,4,30,2024-08-01,Low
F0215,Semi-Urban,3,5,9,Limited,977,1,5,2024-08-02,Medium
F0216,Urban,1,3,8,Available,866,3,3,2024-08-03,Medium
F0217,Urban,4,6,3,Limited,35,2,32,2024-08-04,Medium
F0218,Semi-Urban,2,8,6,Limited,575,0,17,2024-08-05,Medium
F0219,Semi-Urban,2,7,3,Available,973,1,42,2024-08-06,Medium
F0220,Rural,3,3,4,Available,395,1,5,2024-08-07,Low
F0221,Semi-Urban,8,8,1,Available,761,3,11,2024-08-08,Low
F0222,Semi-Urban,8,2,5,Limited,409,3,38,2024-08-09,Medium
F0223,Urban,7,10,1,Available,639,4,4,2024-08-10,Low
F0224,Urban,6,9,1,Available,236,3,39,2024-08-11,Medium
F0225,Urban,9,4,10,Limited,418,3,19,2024-08-12,Medium
F0226,Urban,4,1,7,Limited,279,4,39,2024-08-13,Medium
F0227,Rural,1,8,6,Available,843,4,46,2024-08-14,High
F0228,Urban,8,7,2,Available,339,3,23,2024-08-15,Low
F0229,Rural,7,5,2,Available,215,1,17,2024-08-16,Low
F0230,Semi-Urban,7,10,7,Available,497,2,13,2024-08-17,Medium
F0231,Semi-Urban,3,5,1,Available,437,0,27,2024-08-18,Medium
F0232,Semi-Urban,4,7,2,Available,494,3,1,2024-08-19,Low
F0233,Semi-Urban,10,5,8,Available,626,3,2,2024-08-20,Low
F0234,Semi-Urban,9,8,6,Limited,587,1,18,2024-08-21,Medium
F0235,Urban,6,6,2,Available,563,2,36,2024-08-22,Medium
F0236,Semi-Urban,5,5,7,Available,250,4,45,2024-08-23,Medium
F0237,Urban,3,9,4,Available,903,2,33,2024-08-24,Medium
F0238,Urban,9,2,2,Available,540,5,36,2024-08-25,Low
F0239,Semi-Urban,5,1,6,Available,722,4,2,2024-08-26,Low
F0240,Urban,5,8,9,Available,892,3,4,2024-08-27,Medium
F0241,Rural,4,3,9,Limited,219,3,16,2024-08-28,Medium
F0242,Rural,4,7,8,Available,865,4,4,2024-08-29,Medium
F0243,Rural,1,10,3,Available,692,3,9,2024-08-30,Medium
F0244,Urban,7,8,3,Unavailable,618,2,21,2024-08-31,Medium
F0245,Urban,9,6,2,Available,40,6,23,2024-09-01,Low
F0246,Rural,3,10,5,Limited,330,1,2,2024-09-02,Medium
F0247,Urban,2,9,4,Available,607,3,3,2024-09-03,Medium
F0248,Rural,3,7,7,Limited,972,2,23,2024-09-04,High
F0249,Rural,1,10,4,Available,917,4,26,2024-09-05,Medium
F0250,Rural,6,5,9,Limited,672,2,47,2024-09-06,High
F0251,Urban,7,8,2,Limited,657,3,7,2024-09-07,Medium
F0252,Urban,2,2,6,Available,782,2,36,2024-09-08,Medium
F0253,Rural,8,7,7,Available,919,2,44,2024-09-09,Medium
F0254,Urban,6,4,4,Limited,615,3,33,2024-09-10,Medium
F0255,Urban,4,9,6,Available,453,3,36,2024-09-11,Medium
F0256,Semi-Urban,5,1,7,Available,390,4,4,2024-09-12,Low
F0257,Rural,8,7,4,Available,579,4,23,2024-09-13,Medium
F0258,Semi-Urban,3,6,8,Limited,910,2,25,2024-09-14,High
F0259,Semi-Urban,3,8,9,Available,97,2,41,2024-09-15,Medium
F0260,Urban,4,5,1,Available,561,4,26,2024-09-16,Medium
F0261,Semi-Urban,1,1,7,Available,304,2,28,2024-09-17,Medium
F0262,Rural,9,1,9,Limited,667,2,28,2024-09-18,Medium
F0263,Urban,8,9,10,Unavailable,159,8,21,2024-09-19,High
F0264,Semi-Urban,8,10,5,Unavailable,572,3,10,2024-09-20,Medium
F0265,Rural,10,6,2,Available,301,3,27,2024-09-21,Low
F0266,Semi-Urban,6,10,10,Limited,581,4,15,2024-09-22,High
F0267,Semi-Urban,7,5,6,Available,277,1,17,2024-09-23,Low
F0268,Semi-Urban,6,1,7,Available,842,4,39,2024-09-24,Medium
F0269,Urban,9,6,2,Available,379,4,35,2024-09-25,Low
F0270,Urban,3,6,2,Available,459,4,5,2024-09-26,Medium
F0271,Rural,3,3,10,Unavailable,289,3,16,2024-09-27,High
F0272,Rural,3,8,10,Available,153,3,23,2024-09-28,Medium
F0273,Rural,10,1,1,Available,765,2,39,2024-09-29,Low
F0274,Rural,3,1,4,Limited,659,2,48,2024-09-30,Medium
F0275,Semi-Urban,9,6,7,Limited,123,2,9,2024-10-01,Medium
F0276,Semi-Urban,4,10,9,Available,785,2,33,2024-10-02,High
F0277,Semi-Urban,7,1,3,Available,114,3,35,2024-10-03,Low
F0278,Semi-Urban,9,6,7,Limited,868,0,40,2024-10-04,Medium
F0279,Semi-Urban,7,1,7,Available,748,4,24,2024-10-05,Medium
F0280,Semi-Urban,9,6,7,Available,592,3,24,2024-10-06,Medium
F0281,Rural,3,3,2,Available,499,6,24,2024-10-07,Medium
F0282,Urban,4,8,6,Available,799,4,19,2024-10-08,Medium
F0283,Urban,8,6,2,Limited,260,1,39,2024-10-09,Medium
F0284,Urban,6,1,6,Available,32,4,25,2024-10-10,Low
F0285,Semi-Urban,5,5,10,Available,166,6,31,2024-10-11,Medium
F0286,Urban,4,8,3,Available,959,3,38,2024-10-12,Medium
F0287,Semi-Urban,8,3,2,Available,771,2,25,2024-10-13,Low
F0288,Semi-Urban,1,6,6,Available,620,1,27,2024-10-14,Medium
F0289,Urban,9,5,2,Available,114,4,32,2024-10-15,Low
F0290,Semi-Urban,1,6,5,Available,846,4,11,2024-10-16,Medium
F0291,Urban,8,10,2,Available,312,3,5,2024-10-17,Low
F0292,Urban,4,1,3,Available,44,2,44,2024-10-18,Medium
F0293,Rural,9,7,3,Available,291,4,33,2024-10-19,Low
F0294,Urban,5,9,6,Available,524,6,19,2024-10-20,Medium
F0295,Urban,3,2,6,Available,185,3,43,2024-10-21,Medium
F0296,Semi-Urban,9,10,10,Unavailable,958,2,47,2024-10-22,High
F0297,Semi-Urban,9,5,3,Available,781,5,16,2024-10-23,Low
F0298,Urban,4,10,3,Available,106,1,35,2024-10-24,Medium
F0299,Semi-Urban,4,4,1,Available,673,1,11,2024-10-25,Low
F0300,Urban,8,6,7,Unavailable,665,1,11,2024-10-26,Medium
F0301,Urban,2,6,8,Available,810,1,10,2024-10-27,Medium
F0302,Semi-Urban,9,2,2,Limited,657,2,34,2024-10-28,Medium
F0303,Semi-Urban,6,2,4,Available,847,3,5,2024-10-29,Low
F0304,Semi-Urban,9,4,10,Unavailable,510,1,23,2024-10-30,Medium
F0305,Semi-Urban,8,1,7,Limited,927,1,25,2024-10-31,Medium
F0306,Rural,7,9,8,Available,160,2,29,2024-11-01,Medium
F0307,Semi-Urban,1,7,1,Available,887,3,40,2024-11-02,Medium
F0308,Urban,3,7,4,Available,122,5,13,2024-11-03,Medium
F0309,Semi-Urban,2,3,6,Available,245,4,47,2024-11-04,Medium
F0310,Urban,5,3,3,Available,921,3,32,2024-11-05,Medium
F0311,Urban,5,1,5,Available,594,1,34,2024-11-06,Medium
F0312,Urban,5,3,10,Available,313,2,12,2024-11-07,Medium
F0313,Urban,4,3,9,Available,915,0,24,2024-11-08,Medium
F0314,Rural,5,4,3,Available,325,2,40,2024-11-09,Medium
F0315,Rural,3,4,5,Available,273,2,21,2024-11-10,Medium
F0316,Semi-Urban,1,3,8,Available,199,5,29,2024-11-11,Medium
F0317,Urban,5,10,6,Unavailable,59,3,23,2024-11-12,High
F0318,Urban,9,8,4,Available,795,2,33,2024-11-13,Medium
F0319,Urban,9,8,8,Limited,720,4,8,2024-11-14,Medium
F0320,Urban,4,1,3,Available,539,5,42,2024-11-15,Medium
F0321,Semi-Urban,3,7,3,Available,635,3,13,2024-11-16,Medium
F0322,Semi-Urban,1,2,4,Available,756,2,5,2024-11-17,Medium
F0323,Semi-Urban,2,1,9,Available,565,0,41,2024-11-18,Medium
F0324,Urban,8,3,5,Limited,255,3,10,2024-11-19,Low
F0325,Rural,1,4,8,Available,482,1,14,2024-11-20,Medium
F0326,Semi-Urban,8,6,6,Available,247,6,24,2024-11-21,Medium
F0327,Semi-Urban,7,10,3,Unavailable,719,4,11,2024-11-22,Medium
F0328,Semi-Urban,8,5,8,Available,844,3,46,2024-11-23,Medium
F0329,Urban,6,4,9,Unavailable,502,7,3,2024-11-24,Medium
F0330,Urban,9,8,8,Unavailable,449,4,29,2024-11-25,High
F0331,Urban,3,4,4,Available,41,3,48,2024-11-26,Medium
F0332,Semi-Urban,10,10,6,Available,362,1,30,2024-11-27,Medium
F0333,Urban,4,2,1,Available,59,2,37,2024-11-28,Low
F0334,Urban,6,3,4,Available,192,1,7,2024-11-29,Low
F0335,Urban,8,6,8,Available,458,4,17,2024-11-30,Medium
F0336,Urban,5,8,1,Unavailable,198,2,20,2024-12-01,Medium
F0337,Rural,3,8,3,Limited,617,1,11,2024-12-02,Medium
F0338,Semi-Urban,6,9,1,Available,152,2,44,2024-12-03,Medium
F0339,Semi-Urban,4,7,9,Available,370,1,25,2024-12-04,Medium
F0340,Urban,9,2,2,Available,544,3,24,2024-12-05,Low
F0341,Semi-Urban,3,8,9,Available,559,1,2,2024-12-06,Medium
F0342,Semi-Urban,4,7,4,Limited,525,3,27,2024-12-07,Medium
F0343,Urban,7,8,2,Available,103,3,19,2024-12-08,Low
F0344,Urban,7,3,4,Available,483,1,29,2024-12-09,Low
F0345,Urban,4,7,10,Available,849,2,37,2024-12-10,High
F0346,Semi-Urban,6,10,6,Limited,880,3,11,2024-12-11,Medium
F0347,Semi-Urban,3,9,7,Available,362,6,19,2024-12-12,Medium
F0348,Urban,6,3,3,Limited,299,3,28,2024-12-13,Medium
F0349,Urban,2,10,3,Available,885,5,39,2024-12-14,High
F0350,Semi-Urban,8,6,10,Limited,282,1,21,2024-12-15,Medium
F0351,Semi-Urban,2,2,8,Available,185,2,26,2024-12-16,Medium
F0352,Rural,7,2,5,Available,312,3,22,2024-12-17,Low
F0353,Semi-Urban,9,5,4,Limited,528,3,6,2024-12-18,Low
F0354,Urban,1,5,7,Available,599,1,11,2024-12-19,Medium
F0355,Urban,8,7,7,Available,245,3,14,2024-12-20,Medium
F0356,Semi-Urban,7,2,9,Available,189,3,36,2024-12-21,Medium
F0357,Urban,6,7,9,Limited,617,1,40,2024-12-22,High
F0358,Semi-Urban,6,5,5,Unavailable,664,3,41,2024-12-23,High
F0359,Rural,6,6,8,Available,467,2,2,2024-12-24,Medium
F0360,Semi-Urban,9,8,10,Available,709,4,43,2024-12-25,Medium
F0361,Urban,2,10,1,Limited,874,4,20,2024-12-26,Medium
F0362,Semi-Urban,1,4,9,Available,521,3,22,2024-12-27,Medium
F0363,Semi-Urban,6,7,8,Unavailable,783,4,39,2024-12-28,High
F0364,Semi-Urban,10,6,6,Available,546,5,4,2024-12-29,Low
F0365,Rural,8,10,3,Unavailable,754,3,29,2024-12-30,Medium
F0366,Urban,3,2,3,Limited,398,2,46,2024-12-31,Medium
F0367,Rural,10,8,8,Limited,220,6,24,2025-01-01,Medium
F0368,Rural,1,10,5,Available,638,2,1,2025-01-02,Medium
F0369,Urban,9,9,10,Available,269,2,24,2025-01-03,Medium
F0370,Urban,1,5,7,Available,968,4,30,2025-01-04,High
F0371,Urban,3,10,5,Available,428,1,12,2025-01-05,Medium
F0372,Urban,8,4,8,Available,620,0,19,2025-01-06,Medium
F0373,Urban,3,6,10,Available,144,4,37,2025-01-07,Medium
F0374,Semi-Urban,4,8,10,Limited,132,4,40,2025-01-08,High
F0375,Urban,8,3,4,Available,1000,2,43,2025-01-09,Medium
F0376,Urban,1,10,2,Available,156,0,4,2025-01-10,Medium
F0377,Rural,6,1,3,Available,778,3,15,2025-01-11,Low
F0378,Urban,1,4,8,Available,515,6,20,2025-01-12,Medium
F0379,Rural,1,4,7,Available,697,4,44,2025-01-13,High
F0380,Urban,8,1,2,Available,169,3,20,2025-01-14,Low
F0381,Urban,4,9,6,Limited,894,1,21,2025-01-15,Medium
F0382,Semi-Urban,1,3,9,Available,362,4,10,2025-01-16,Medium
F0383,Semi-Urban,10,5,4,Available,964,4,30,2025-01-17,Medium
F0384,Rural,7,6,9,Available,599,2,24,2025-01-18,Medium
F0385,Semi-Urban,5,8,2,Limited,752,7,48,2025-01-19,High
F0386,Rural,5,6,2,Available,802,2,40,2025-01-20,Medium
F0387,Urban,1,3,9,Limited,340,4,40,2025-01-21,High
F0388,Urban,10,6,7,Available,841,1,38,2025-01-22,Medium
F0389,Semi-Urban,6,1,7,Limited,945,3,3,2025-01-23,Medium
F0390,Rural,9,4,1,Available,880,0,29,2025-01-24,Low
F0391,Rural,9,6,6,Available,551,1,8,2025-01-25,Low
F0392,Urban,8,7,7,Available,308,3,29,2025-01-26,Medium
F0393,Urban,5,10,6,Available,508,2,10,2025-01-27,Medium
F0394,Semi-Urban,1,3,6,Available,511,2,5,2025-01-28,Medium
F0395,Urban,9,9,2,Limited,631,2,11,2025-01-29,Medium
F0396,Rural,1,7,6,Available,271,4,4,2025-01-30,Medium
F0397,Rural,8,1,4,Unavailable,96,2,35,2025-01-31,Medium
F0398,Urban,5,2,9,Limited,666,3,40,2025-02-01,Medium
F0399,Semi-Urban,3,1,1,Available,411,4,12,2025-02-02,Low
F0400,Semi-Urban,7,9,8,Limited,431,3,21,2025-02-03,Medium
F0401,Urban,7,9,5,Available,192,5,16,2025-02-04,Medium
F0402,Rural,9,7,1,Available,894,1,14,2025-02-05,Low
F0403,Semi-Urban,7,10,4,Unavailable,220,6,21,2025-02-06,Medium
F0404,Rural,3,3,1,Available,236,3,48,2025-02-07,Medium
F0405,Urban,1,5,6,Available,395,4,27,2025-02-08,Medium
F0406,Rural,8,4,2,Available,739,4,36,2025-02-09,Medium
F0407,Urban,3,7,5,Available,605,4,1,2025-02-10,Medium
F0408,Urban,8,9,7,Unavailable,30,2,1,2025-02-11,Medium
F0409,Rural,8,2,2,Available,818,6,22,2025-02-12,Low
F0410,Urban,5,8,6,Available,787,1,15,2025-02-13,Medium
F0411,Urban,1,9,6,Available,31,6,20,2025-02-14,Medium
F0412,Rural,10,10,5,Available,911,3,3,2025-02-15,Low
F0413,Rural,7,10,5,Available,609,3,14,2025-02-16,Medium
F0414,Semi-Urban,10,9,3,Available,454,2,9,2025-02-17,Low
F0415,Semi-Urban,5,10,10,Available,703,3,19,2025-02-18,Medium
F0416,Urban,8,7,10,Available,627,5,40,2025-02-19,Medium
F0417,Urban,9,9,2,Unavailable,837,4,34,2025-02-20,Medium
F0418,Urban,7,9,7,Available,392,4,4,2025-02-21,Medium
F0419,Semi-Urban,7,3,1,Limited,292,2,33,2025-02-22,Medium
F0420,Semi-Urban,1,4,6,Limited,950,4,43,2025-02-23,High
F0421,Semi-Urban,4,2,6,Limited,916,5,37,2025-02-24,Medium
F0422,Semi-Urban,2,10,3,Limited,944,3,2,2025-02-25,Medium
F0423,Urban,2,3,2,Available,710,5,27,2025-02-26,Medium
F0424,Semi-Urban,2,5,2,Available,595,1,45,2025-02-27,Medium
F0425,Urban,4,5,9,Available,528,4,17,2025-02-28,Medium
F0426,Semi-Urban,1,6,5,Available,151,3,31,2025-03-01,Medium
F0427,Urban,4,7,7,Limited,874,6,41,2025-03-02,High
F0428,Rural,2,7,5,Available,943,4,6,2025-03-03,Medium
F0429,Urban,5,1,7,Limited,803,3,31,2025-03-04,Medium
F0430,Urban,3,2,4,Available,338,2,3,2025-03-05,Low
F0431,Urban,8,9,8,Unavailable,863,3,40,2025-03-06,High
F0432,Semi-Urban,4,10,10,Available,968,3,3,2025-03-07,Medium
F0433,Semi-Urban,1,2,10,Available,872,1,33,2025-03-08,Medium
F0434,Urban,1,6,7,Available,640,2,13,2025-03-09,Medium
F0435,Urban,10,1,10,Limited,804,3,21,2025-03-10,Medium
F0436,Semi-Urban,3,3,5,Available,187,4,37,2025-03-11,Medium
F0437,Urban,9,2,6,Unavailable,416,3,16,2025-03-12,Medium
F0438,Rural,7,3,5,Unavailable,199,1,21,2025-03-13,Medium
F0439,Semi-Urban,2,5,7,Limited,77,1,48,2025-03-14,High
F0440,Urban,9,10,2,Available,499,1,44,2025-03-15,Medium
F0441,Urban,10,6,5,Limited,952,4,13,2025-03-16,Medium
F0442,Rural,2,9,10,Limited,610,2,4,2025-03-17,High
F0443,Urban,3,10,3,Available,479,4,31,2025-03-18,Medium
F0444,Urban,10,4,9,Available,80,2,9,2025-03-19,Low
F0445,Rural,2,7,6,Available,388,3,48,2025-03-20,Medium
F0446,Rural,3,6,10,Available,140,5,33,2025-03-21,Medium
F0447,Rural,6,2,3,Available,738,4,37,2025-03-22,Medium
F0448,Semi-Urban,9,10,7,Unavailable,565,3,37,2025-03-23,High
F0449,Urban,9,8,4,Available,601,1,24,2025-03-24,Low
F0450,Urban,7,7,3,Available,36,4,25,2025-03-25,Low
F0451,Semi-Urban,3,7,8,Unavailable,515,4,41,2025-03-26,High
F0452,Semi-Urban,4,8,4,Available,516,3,29,2025-03-27,Medium
F0453,Urban,6,1,1,Limited,524,4,40,2025-03-28,Medium
F0454,Rural,5,1,6,Available,551,4,47,2025-03-29,Medium
F0455,Urban,2,8,10,Available,988,3,36,2025-03-30,High
F0456,Semi-Urban,6,4,1,Available,334,1,15,2025-03-31,Low
F0457,Urban,3,5,5,Available,88,1,45,2025-04-01,Medium
F0458,Semi-Urban,8,8,7,Available,746,4,18,2025-04-02,Medium
F0459,Urban,2,5,6,Limited,180,4,20,2025-04-03,Medium
F0460,Urban,1,10,2,Available,633,3,5,2025-04-04,Medium
F0461,Urban,9,4,4,Limited,907,2,18,2025-04-05,Medium
F0462,Semi-Urban,3,6,2,Available,737,3,40,2025-04-06,Medium
F0463,Semi-Urban,1,5,1,Available,164,3,1,2025-04-07,Low
F0464,Semi-Urban,7,7,3,Available,588,4,19,2025-04-08,Medium
F0465,Rural,10,10,3,Available,614,3,23,2025-04-09,Low
F0466,Urban,5,7,7,Limited,404,0,26,2025-04-10,Medium
F0467,Urban,5,4,1,Unavailable,288,5,29,2025-04-11,Medium
F0468,Rural,1,5,9,Limited,942,2,34,2025-04-12,High
F0469,Urban,9,3,6,Available,473,2,19,2025-04-13,Low
F0470,Rural,7,4,4,Available,718,3,48,2025-04-14,Medium
F0471,Urban,8,4,3,Available,537,2,18,2025-04-15,Low
F0472,Rural,9,3,3,Limited,884,2,2,2025-04-16,Low
F0473,Urban,6,10,2,Available,369,2,27,2025-04-17,Medium
F0474,Rural,5,5,2,Available,129,1,6,2025-04-18,Low
F0475,Semi-Urban,6,5,10,Available,502,3,39,2025-04-19,Medium
F0476,Rural,2,7,5,Available,426,4,6,2025-04-20,Medium
F0477,Urban,4,4,9,Available,669,1,6,2025-04-21,Medium
F0478,Semi-Urban,3,4,2,Available,70,2,31,2025-04-22,Medium
F0479,Rural,7,9,2,Limited,422,3,41,2025-04-23,Medium
F0480,Semi-Urban,9,6,6,Unavailable,582,2,40,2025-04-24,Medium
F0481,Semi-Urban,5,4,10,Available,495,4,30,2025-04-25,Medium
F0482,Semi-Urban,6,2,2,Available,106,0,21,2025-04-26,Low
F0483,Semi-Urban,10,6,4,Available,87,4,41,2025-04-27,Low
F0484,Semi-Urban,2,2,6,Unavailable,615,2,44,2025-04-28,High
F0485,Semi-Urban,3,5,5,Unavailable,998,7,18,2025-04-29,High
F0486,Rural,3,6,1,Unavailable,61,4,23,2025-04-30,Medium
F0487,Urban,9,4,6,Limited,750,2,38,2025-05-01,Medium
F0488,Urban,7,3,1,Available,76,2,23,2025-05-02,Low
F0489,Rural,8,7,3,Limited,757,6,28,2025-05-03,Medium
F0490,Rural,10,2,10,Available,215,2,36,2025-05-04,Medium
F0491,Semi-Urban,9,6,5,Available,779,8,25,2025-05-05,Medium
F0492,Semi-Urban,6,4,10,Limited,697,3,7,2025-05-06,Medium
F0493,Urban,4,6,5,Available,81,2,18,2025-05-07,Medium
F0494,Urban,1,4,10,Available,282,2,20,2025-05-08,Medium
F0495,Semi-Urban,8,4,6,Available,131,4,5,2025-05-09,Low
F0496,Urban,7,4,10,Available,784,4,18,2025-05-10,Medium
F0497,Semi-Urban,2,9,8,Limited,730,6,42,2025-05-11,High
F0498,Urban,8,7,5,Available,197,4,40,2025-05-12,Medium
F0499,Rural,5,3,1,Available,967,4,33,2025-05-13,Medium
F0500,Rural,7,3,5,Available,45,5,15,2025-05-14,Low
F0501,Semi-Urban,4,6,3,Available,429,3,35,2025-05-15,Medium
F0502,Semi-Urban,5,6,4,Available,777,2,47,2025-05-16,Medium
F0503,Urban,8,4,8,Available,550,3,46,2025-05-17,Medium
F0504,Rural,1,9,7,Available,796,2,1,2025-05-18,Medium
F0505,Semi-Urban,1,4,5,Limited,336,2,21,2025-05-19,Medium
F0506,Urban,4,9,2,Unavailable,551,8,8,2025-05-20,Medium
F0507,Rural,3,4,6,Available,125,2,7,2025-05-21,Medium
F0508,Rural,10,2,6,Available,768,4,41,2025-05-22,Medium
F0509,Rural,2,2,10,Available,837,8,44,2025-05-23,High
F0510,Semi-Urban,3,5,10,Limited,483,5,40,2025-05-24,High
F0511,Semi-Urban,1,4,6,Available,265,7,40,2025-05-25,Medium
F0512,Urban,1,7,9,Limited,100,3,30,2025-05-26,High
F0513,Rural,6,5,8,Limited,681,1,38,2025-05-27,Medium
F0514,Rural,5,6,8,Unavailable,928,2,35,2025-05-28,High
F0515,Urban,8,10,1,Unavailable,415,2,2,2025-05-29,Medium
F0516,Urban,2,4,5,Available,541,2,46,2025-05-30,Medium
F0517,Urban,4,2,7,Available,852,6,8,2025-05-31,Medium
F0518,Rural,8,10,6,Unavailable,755,2,38,2025-06-01,High
F0519,Rural,6,9,5,Available,945,5,4,2025-06-02,Medium
F0520,Urban,1,10,8,Available,283,2,37,2025-06-03,High
F0521,Semi-Urban,4,7,3,Available,680,4,21,2025-06-04,Medium
F0522,Urban,1,4,6,Available,809,5,13,2025-06-05,Medium
F0523,Rural,2,3,5,Limited,293,1,9,2025-06-06,Medium
F0524,Rural,5,10,8,Available,725,4,45,2025-06-07,High
F0525,Rural,8,3,4,Available,963,1,29,2025-06-08,Medium
F0526,Semi-Urban,8,9,8,Unavailable,191,5,41,2025-06-09,High
F0527,Urban,3,5,10,Limited,284,6,24,2025-06-10,High
F0528,Urban,4,3,2,Available,982,4,16,2025-06-11,Medium
F0529,Urban,10,5,9,Available,841,3,12,2025-06-12,Medium
F0530,Rural,6,2,9,Available,45,1,2,2025-06-13,Low
F0531,Rural,10,4,10,Available,488,1,19,2025-06-14,Low
F0532,Rural,3,10,10,Available,881,1,30,2025-06-15,High
F0533,Rural,2,2,6,Available,495,3,16,2025-06-16,Medium
F0534,Semi-Urban,6,2,4,Limited,375,2,24,2025-06-17,Medium
F0535,Semi-Urban,5,8,4,Available,45,0,13,2025-06-18,Low
F0536,Rural,10,1,6,Available,53,1,5,2025-06-19,Low
F0537,Rural,5,7,5,Available,283,6,23,2025-06-20,Medium
F0538,Urban,10,5,6,Available,157,4,38,2025-06-21,Medium
F0539,Semi-Urban,5,8,7,Limited,835,2,31,2025-06-22,High
F0540,Urban,10,1,7,Available,714,4,17,2025-06-23,Low
F0541,Rural,5,7,9,Available,894,5,3,2025-06-24,Medium
F0542,Semi-Urban,3,5,8,Available,773,0,26,2025-06-25,Medium
F0543,Urban,7,4,6,Unavailable,585,0,13,2025-06-26,Medium
F0544,Semi-Urban,6,7,6,Available,481,4,44,2025-06-27,Medium
F0545,Semi-Urban,4,10,5,Available,187,3,38,2025-06-28,Medium
F0546,Urban,2,2,1,Available,650,4,22,2025-06-29,Medium
F0547,Urban,9,1,9,Limited,674,1,21,2025-06-30,Medium
F0548,Semi-Urban,1,1,9,Available,100,3,29,2025-07-01,Medium
F0549,Semi-Urban,4,1,9,Available,776,4,45,2025-07-02,Medium
F0550,Semi-Urban,1,5,8,Available,933,2,46,2025-07-03,High
F0551,Semi-Urban,6,10,10,Available,883,5,39,2025-07-04,High
F0552,Rural,4,7,3,Limited,889,2,5,2025-07-05,Medium
F0553,Semi-Urban,5,2,1,Limited,426,4,14,2025-07-06,Medium
F0554,Semi-Urban,5,10,8,Available,593,2,18,2025-07-07,Medium
F0555,Rural,9,8,7,Available,65,3,4,2025-07-08,Low
F0556,Urban,1,4,5,Available,618,3,33,2025-07-09,Medium
F0557,Urban,2,3,10,Available,630,0,39,2025-07-10,Medium
F0558,Urban,6,10,7,Available,826,5,20,2025-07-11,Medium
F0559,Semi-Urban,5,8,10,Available,930,5,13,2025-07-12,Medium
F0560,Semi-Urban,7,2,4,Available,72,2,36,2025-07-13,Low
F0561,Semi-Urban,3,3,9,Available,723,2,45,2025-07-14,Medium
F0562,Urban,3,3,10,Unavailable,978,1,4,2025-07-15,High
F0563,Urban,10,10,2,Limited,495,0,35,2025-07-16,Medium
F0564,Urban,2,1,9,Unavailable,611,5,8,2025-07-17,High
F0565,Urban,3,6,9,Available,35,2,40,2025-07-18,Medium
F0566,Semi-Urban,10,2,5,Unavailable,379,5,47,2025-07-19,Medium
F0567,Urban,1,1,1,Available,506,3,36,2025-07-20,Medium
F0568,Urban,5,2,7,Available,857,1,6,2025-07-21,Medium
F0569,Rural,5,6,10,Limited,725,1,22,2025-07-22,Medium
F0570,Urban,7,4,10,Available,521,4,6,2025-07-23,Medium
F0571,Semi-Urban,4,6,4,Available,160,5,42,2025-07-24,Medium
F0572,Semi-Urban,3,9,9,Available,639,1,36,2025-07-25,High
F0573,Urban,1,10,6,Available,834,0,9,2025-07-26,Medium
F0574,Semi-Urban,8,10,3,Available,796,1,16,2025-07-27,Medium
F0575,Rural,3,8,6,Available,466,7,39,2025-07-28,Medium
F0576,Rural,2,1,10,Limited,309,4,46,2025-07-29,High
F0577,Urban,4,8,6,Available,228,5,38,2025-07-30,Medium
F0578,Rural,3,9,5,Available,494,2,33,2025-07-31,Medium
F0579,Semi-Urban,1,6,2,Available,432,4,18,2025-08-01,Medium
F0580,Urban,3,10,10,Available,696,4,12,2025-08-02,Medium
F0581,Semi-Urban,2,5,10,Unavailable,446,0,27,2025-08-03,High
F0582,Rural,8,6,2,Available,873,3,47,2025-08-04,Medium
F0583,Semi-Urban,6,6,7,Available,390,3,1,2025-08-05,Medium
F0584,Urban,9,9,2,Available,851,5,15,2025-08-06,Low
F0585,Semi-Urban,8,4,6,Limited,683,3,47,2025-08-07,Medium
F0586,Urban,10,2,5,Limited,986,5,27,2025-08-08,Medium
F0587,Urban,3,9,4,Available,309,4,16,2025-08-09,Medium
F0588,Urban,5,2,7,Available,451,0,21,2025-08-10,Medium
F0589,Urban,7,10,8,Available,287,2,1,2025-08-11,Medium
F0590,Urban,5,9,4,Available,170,1,29,2025-08-12,Medium
F0591,Urban,8,2,1,Available,738,3,3,2025-08-13,Low
F0592,Semi-Urban,5,8,1,Limited,274,5,12,2025-08-14,Medium
F0593,Urban,1,9,1,Available,372,6,28,2025-08-15,Medium
F0594,Urban,5,10,1,Limited,396,2,39,2025-08-16,Medium
F0595,Rural,4,9,5,Available,672,2,37,2025-08-17,Medium
F0596,Semi-Urban,6,10,4,Available,874,6,31,2025-08-18,Medium
F0597,Semi-Urban,3,9,9,Available,377,9,31,2025-08-19,High
F0598,Urban,5,2,3,Available,627,3,33,2025-08-20,Medium
F0599,Urban,2,4,7,Available,960,0,33,2025-08-21,Medium
F0600,Urban,6,7,8,Available,389,3,47,2025-08-22,Medium
F0601,Urban,6,2,6,Available,246,1,40,2025-08-23,Medium
F0602,Urban,5,1,10,Available,724,3,11,2025-08-24,Medium
F0603,Urban,6,3,1,Available,322,3,46,2025-08-25,Medium
F0604,Urban,7,4,8,Available,845,2,29,2025-08-26,Medium
F0605,Urban,5,8,10,Available,408,0,25,2025-08-27,Medium
F0606,Semi-Urban,1,6,3,Available,396,4,13,2025-08-28,Medium
F0607,Urban,8,2,8,Available,992,3,44,2025-08-29,Medium
F0608,Urban,4,9,4,Available,137,2,19,2025-08-30,Medium
F0609,Semi-Urban,9,2,8,Limited,24,1,36,2025-08-31,Medium
F0610,Semi-Urban,10,5,1,Limited,463,3,28,2025-09-01,Low
F0611,Urban,6,4,3,Available,371,0,4,2025-09-02,Low
F0612,Semi-Urban,1,7,6,Available,774,4,3,2025-09-03,Medium
F0613,Semi-Urban,3,8,9,Available,552,4,38,2025-09-04,High
F0614,Urban,3,5,2,Limited,683,1,37,2025-09-05,Medium
F0615,Rural,10,10,1,Available,659,3,43,2025-09-06,Medium
F0616,Rural,4,5,10,Available,143,3,25,2025-09-07,Medium
F0617,Urban,6,2,3,Limited,677,3,41,2025-09-08,Medium
F0618,Urban,7,8,4,Available,296,6,35,2025-09-09,Medium
F0619,Rural,10,2,5,Available,841,5,29,2025-09-10,Low
F0620,Semi-Urban,4,10,3,Available,413,5,41,2025-09-11,Medium
F0621,Urban,6,6,10,Available,683,3,29,2025-09-12,Medium
F0622,Urban,1,8,2,Limited,379,2,12,2025-09-13,Medium
F0623,Urban,8,6,2,Limited,642,5,35,2025-09-14,Medium
F0624,Semi-Urban,7,4,7,Available,488,5,20,2025-09-15,Medium
F0625,Semi-Urban,9,4,9,Available,647,6,17,2025-09-16,Medium
F0626,Urban,3,6,10,Available,719,1,12,2025-09-17,Medium
F0627,Semi-Urban,2,4,2,Available,76,4,36,2025-09-18,Medium
F0628,Semi-Urban,1,8,7,Available,270,1,10,2025-09-19,Medium
F0629,Urban,3,9,7,Available,915,1,18,2025-09-20,Medium
F0630,Urban,5,1,7,Available,938,4,30,2025-09-21,Medium
F0631,Semi-Urban,2,4,3,Available,169,5,8,2025-09-22,Medium
F0632,Rural,3,4,7,Available,471,2,41,2025-09-23,Medium
F0633,Semi-Urban,4,2,1,Available,181,1,13,2025-09-24,Low
F0634,Semi-Urban,7,6,10,Available,139,5,31,2025-09-25,Medium
F0635,Urban,3,3,1,Available,601,5,6,2025-09-26,Low
F0636,Urban,9,7,5,Available,943,1,7,2025-09-27,Low
F0637,Semi-Urban,8,5,2,Available,370,3,21,2025-09-28,Low
F0638,Urban,4,4,9,Available,118,7,38,2025-09-29,Medium
F0639,Urban,1,5,7,Available,186,3,43,2025-09-30,Medium
F0640,Urban,1,8,4,Available,829,2,28,2025-10-01,Medium
F0641,Urban,1,3,4,Available,682,2,44,2025-10-02,Medium
F0642,Urban,1,7,2,Available,857,5,21,2025-10-03,Medium
F0643,Urban,8,6,5,Limited,995,2,21,2025-10-04,Medium
F0644,Urban,3,1,4,Available,533,2,24,2025-10-05,Medium
F0645,Urban,6,7,1,Available,683,3,27,2025-10-06,Medium
F0646,Rural,3,7,8,Available,420,2,27,2025-10-07,Medium
F0647,Semi-Urban,5,1,3,Available,384,3,13,2025-10-08,Low
F0648,Semi-Urban,7,9,6,Available,596,2,29,2025-10-09,Medium
F0649,Semi-Urban,2,6,4,Available,345,2,39,2025-10-10,Medium
F0650,Semi-Urban,6,2,9,Available,600,0,28,2025-10-11,Medium
F0651,Urban,6,5,7,Available,652,7,37,2025-10-12,Medium
F0652,Semi-Urban,3,4,9,Available,640,5,29,2025-10-13,Medium
F0653,Semi-Urban,6,7,10,Available,847,1,48,2025-10-14,Medium
F0654,Semi-Urban,10,8,3,Limited,266,1,22,2025-10-15,Medium
F0655,Urban,10,1,1,Available,453,2,36,2025-10-16,Low
F0656,Urban,5,5,5,Limited,112,3,30,2025-10-17,Medium
F0657,Urban,2,3,3,Limited,287,2,28,2025-10-18,Medium
F0658,Urban,9,1,6,Available,634,3,23,2025-10-19,Low
F0659,Semi-Urban,8,3,8,Available,962,4,33,2025-10-20,Medium
F0660,Semi-Urban,3,6,4,Available,982,3,4,2025-10-21,Medium
F0661,Urban,8,7,5,Limited,643,9,3,2025-10-22,Medium
F0662,Rural,9,8,5,Limited,340,3,32,2025-10-23,Medium
F0663,Semi-Urban,3,4,4,Available,942,4,4,2025-10-24,Medium
F0664,Urban,3,3,4,Limited,835,1,1,2025-10-25,Medium
F0665,Urban,2,5,4,Available,875,4,12,2025-10-26,Medium
F0666,Urban,8,9,4,Available,81,1,13,2025-10-27,Low
F0667,Urban,10,6,4,Unavailable,319,4,34,2025-10-28,Medium
F0668,Urban,1,9,5,Limited,422,2,29,2025-10-29,High
F0669,Urban,8,6,2,Available,974,5,9,2025-10-30,Low
F0670,Urban,7,2,2,Limited,667,3,31,2025-10-31,Medium
F0671,Urban,7,5,9,Unavailable,586,4,7,2025-11-01,Medium
F0672,Rural,3,9,2,Limited,639,1,13,2025-11-02,Medium
F0673,Urban,1,8,6,Limited,322,2,2,2025-11-03,Medium
F0674,Semi-Urban,4,7,2,Limited,789,3,33,2025-11-04,Medium
F0675,Urban,9,1,5,Available,272,6,7,2025-11-05,Low
F0676,Rural,5,4,4,Limited,753,5,18,2025-11-06,Medium
F0677,Urban,1,7,7,Available,497,4,8,2025-11-07,Medium
F0678,Urban,5,7,7,Limited,388,3,12,2025-11-08,Medium
F0679,Rural,8,6,6,Available,698,5,43,2025-11-09,Medium
F0680,Rural,8,8,10,Available,960,3,30,2025-11-10,Medium
F0681,Rural,5,6,5,Available,179,3,9,2025-11-11,Medium
F0682,Urban,9,10,1,Available,980,5,28,2025-11-12,Medium
F0683,Urban,1,3,3,Available,185,5,4,2025-11-13,Medium
F0684,Semi-Urban,4,4,9,Unavailable,224,3,39,2025-11-14,High
F0685,Rural,3,3,1,Unavailable,286,4,17,2025-11-15,Medium
F0686,Semi-Urban,2,1,5,Available,157,2,11,2025-11-16,Low
F0687,Semi-Urban,8,10,2,Unavailable,387,2,2,2025-11-17,Medium
F0688,Urban,7,5,4,Limited,462,1,23,2025-11-18,Medium
F0689,Semi-Urban,9,1,1,Available,877,3,22,2025-11-19,Low
F0690,Urban,2,1,3,Available,779,4,26,2025-11-20,Medium
F0691,Urban,4,2,10,Unavailable,586,1,12,2025-11-21,Medium
F0692,Urban,6,4,7,Available,935,3,32,2025-11-22,Medium
F0693,Semi-Urban,3,6,10,Limited,740,5,9,2025-11-23,High
F0694,Urban,8,8,3,Limited,36,1,43,2025-11-24,Medium
F0695,Urban,3,3,4,Limited,87,4,5,2025-11-25,Medium
F0696,Semi-Urban,2,1,2,Available,152,1,26,2025-11-26,Low
F0697,Urban,3,3,3,Available,719,9,7,2025-11-27,Medium
F0698,Semi-Urban,6,3,9,Available,938,2,29,2025-11-28,Medium
F0699,Urban,2,5,3,Available,449,0,33,2025-11-29,Medium
F0700,Semi-Urban,8,4,5,Available,327,2,24,2025-11-30,Low
F0701,Semi-Urban,1,4,2,Available,669,3,25,2025-12-01,Medium
F0702,Urban,7,9,4,Available,193,1,31,2025-12-02,Medium
F0703,Urban,2,7,7,Limited,431,2,29,2025-12-03,High
F0704,Urban,10,4,7,Available,116,4,5,2025-12-04,Low
F0705,Urban,6,3,3,Available,702,1,38,2025-12-05,Medium
F0706,Rural,2,6,5,Available,173,2,45,2025-12-06,Medium
F0707,Urban,2,3,1,Available,714,2,11,2025-12-07,Medium
F0708,Rural,10,6,10,Available,261,0,32,2025-12-08,Medium
F0709,Urban,8,9,10,Limited,323,2,8,2025-12-09,Medium
F0710,Semi-Urban,2,6,10,Available,304,4,20,2025-12-10,Medium
F0711,Semi-Urban,7,4,1,Limited,46,5,34,2025-12-11,Medium
F0712,Semi-Urban,3,5,5,Available,421,3,47,2025-12-12,Medium
F0713,Semi-Urban,8,6,10,Limited,379,6,42,2025-12-13,High
F0714,Urban,7,3,9,Limited,79,2,8,2025-12-14,Medium
F0715,Urban,8,8,1,Unavailable,221,3,2,2025-12-15,Medium
F0716,Rural,7,4,1,Limited,781,4,21,2025-12-16,Medium
F0717,Rural,6,8,4,Unavailable,893,5,15,2025-12-17,High
F0718,Rural,7,10,4,Limited,600,1,6,2025-12-18,Medium
F0719,Urban,5,10,2,Available,989,3,5,2025-12-19,Medium
F0720,Semi-Urban,7,3,9,Available,389,1,3,2025-12-20,Low
F0721,Rural,1,10,9,Available,552,4,43,2025-12-21,High
F0722,Urban,1,7,2,Available,171,4,43,2025-12-22,Medium
F0723,Urban,9,9,9,Available,121,3,16,2025-12-23,Medium
F0724,Semi-Urban,5,4,6,Available,918,1,35,2025-12-24,Medium
F0725,Semi-Urban,5,8,8,Limited,626,3,9,2025-12-25,Medium
F0726,Rural,3,3,10,Unavailable,465,0,35,2025-12-26,High
F0727,Urban,5,7,4,Available,892,2,19,2025-12-27,Medium
F0728,Semi-Urban,3,3,2,Available,248,2,43,2025-12-28,Medium
F0729,Urban,9,7,2,Unavailable,144,8,46,2025-12-29,Medium
F0730,Urban,9,10,9,Available,789,0,34,2025-12-30,Medium
F0731,Urban,6,10,1,Limited,853,0,39,2025-12-31,Medium
F0732,Rural,1,6,7,Available,900,4,10,2026-01-01,Medium
F0733,Semi-Urban,7,2,3,Available,957,1,10,2026-01-02,Low
F0734,Semi-Urban,7,3,3,Available,255,0,20,2026-01-03,Low
F0735,Urban,10,6,2,Limited,181,4,1,2026-01-04,Low
F0736,Rural,10,4,10,Available,573,5,6,2026-01-05,Low
F0737,Urban,4,6,6,Available,807,4,46,2026-01-06,Medium
F0738,Rural,8,1,10,Available,372,3,2,2026-01-07,Low
F0739,Urban,6,10,2,Available,87,5,38,2026-01-08,Medium
F0740,Urban,4,1,10,Unavailable,192,3,33,2026-01-09,High
F0741,Semi-Urban,4,3,4,Limited,862,1,3,2026-01-10,Medium
F0742,Urban,2,8,10,Available,656,1,36,2026-01-11,High
F0743,Semi-Urban,2,8,9,Available,701,0,13,2026-01-12,Medium
F0744,Semi-Urban,4,4,9,Available,578,5,35,2026-01-13,Medium
F0745,Urban,5,6,6,Limited,280,3,15,2026-01-14,Medium
F0746,Rural,8,8,4,Limited,236,2,45,2026-01-15,Medium
F0747,Urban,6,7,7,Available,836,2,22,2026-01-16,Medium
F0748,Semi-Urban,4,7,1,Limited,143,4,43,2026-01-17,Medium
F0749,Rural,7,4,4,Available,824,3,4,2026-01-18,Low
F0750,Semi-Urban,8,9,5,Unavailable,181,2,17,2026-01-19,Medium
F0751,Urban,2,10,8,Unavailable,220,3,5,2026-01-20,High
F0752,Rural,7,6,2,Limited,473,3,21,2026-01-21,Medium
F0753,Semi-Urban,2,3,5,Limited,421,2,24,2026-01-22,Medium
F0754,Urban,2,5,6,Available,481,3,31,2026-01-23,Medium
F0755,Urban,8,5,5,Limited,294,2,40,2026-01-24,Medium
F0756,Semi-Urban,2,5,9,Available,225,2,30,2026-01-25,Medium
F0757,Semi-Urban,9,8,10,Available,59,3,42,2026-01-26,Medium
F0758,Semi-Urban,1,9,1,Available,292,4,7,2026-01-27,Medium
F0759,Rural,9,9,3,Limited,719,5,7,2026-01-28,Medium
F0760,Semi-Urban,1,6,2,Available,886,4,27,2026-01-29,Medium
F0761,Urban,10,6,3,Available,112,3,24,2026-01-30,Low
F0762,Urban,10,9,10,Available,61,5,19,2026-01-31,Medium
F0763,Urban,2,4,9,Available,484,2,41,2026-02-01,Medium
F0764,Semi-Urban,6,6,9,Available,398,4,34,2026-02-02,Medium
F0765,Urban,6,4,10,Limited,126,3,22,2026-02-03,Medium
F0766,Semi-Urban,1,1,2,Limited,347,4,27,2026-02-04,Medium
F0767,Semi-Urban,7,7,3,Available,84,4,6,2026-02-05,Low
F0768,Rural,8,10,4,Limited,384,1,10,2026-02-06,Medium
F0769,Urban,2,6,9,Limited,840,2,45,2026-02-07,High
F0770,Rural,8,9,3,Available,503,4,31,2026-02-08,Medium
F0771,Urban,9,7,7,Limited,666,3,25,2026-02-09,Medium
F0772,Rural,6,7,3,Unavailable,920,3,2,2026-02-10,Medium
F0773,Urban,5,2,7,Available,43,6,10,2026-02-11,Medium
F0774,Urban,9,9,7,Available,559,4,10,2026-02-12,Medium
F0775,Semi-Urban,9,10,9,Unavailable,81,6,26,2026-02-13,High
F0776,Urban,1,9,2,Available,510,4,5,2026-02-14,Medium
F0777,Urban,3,6,6,Available,292,1,22,2026-02-15,Medium
F0778,Semi-Urban,9,3,9,Available,248,4,4,2026-02-16,Low
F0779,Semi-Urban,2,1,2,Available,39,3,34,2026-02-17,Medium
F0780,Semi-Urban,4,4,2,Limited,22,5,7,2026-02-18,Medium
F0781,Semi-Urban,4,3,5,Available,440,3,17,2026-02-19,Medium
F0782,Semi-Urban,2,1,10,Available,749,2,11,2026-02-20,Medium
F0783,Urban,3,3,10,Available,930,1,8,2026-02-21,Medium
F0784,Urban,3,4,10,Available,326,2,28,2026-02-22,Medium
F0785,Urban,1,8,8,Available,451,5,44,2026-02-23,High
F0786,Rural,6,9,9,Available,155,2,33,2026-02-24,Medium
F0787,Semi-Urban,8,3,2,Limited,928,5,25,2026-02-25,Medium
F0788,Urban,3,6,5,Available,963,4,21,2026-02-26,Medium
F0789,Semi-Urban,5,10,7,Available,534,1,12,2026-02-27,Medium
F0790,Rural,1,5,6,Available,212,2,26,2026-02-28,Medium
F0791,Urban,10,6,6,Available,604,1,29,2026-03-01,Medium
F0792,Semi-Urban,7,4,7,Available,434,2,38,2026-03-02,Medium
F0793,Semi-Urban,10,10,3,Available,892,2,35,2026-03-03,Medium
F0794,Semi-Urban,1,6,3,Limited,137,3,37,2026-03-04,Medium
F0795,Urban,9,7,10,Available,685,3,46,2026-03-05,Medium
F0796,Rural,8,9,9,Limited,228,6,44,2026-03-06,High
F0797,Rural,7,10,8,Available,971,6,45,2026-03-07,High
F0798,Semi-Urban,10,7,5,Unavailable,53,2,45,2026-03-08,Medium
F0799,Semi-Urban,7,6,6,Available,668,4,29,2026-03-09,Medium
F0800,Rural,5,1,10,Limited,337,5,24,2026-03-10,Medium
F0801,Semi-Urban,5,2,1,Available,139,3,15,2026-03-11,Low
F0802,Urban,5,1,10,Available,646,3,6,2026-03-12,Medium
F0803,Semi-Urban,1,9,1,Available,544,3,32,2026-03-13,Medium
F0804,Semi-Urban,8,10,4,Unavailable,600,5,44,2026-03-14,High
F0805,Urban,1,10,2,Available,956,2,34,2026-03-15,Medium
F0806,Semi-Urban,4,9,7,Available,864,3,36,2026-03-16,Medium
F0807,Rural,9,7,2,Limited,788,3,20,2026-03-17,Medium
F0808,Rural,9,2,10,Available,108,3,12,2026-03-18,Low
F0809,Semi-Urban,5,6,2,Limited,531,2,35,2026-03-19,Medium
F0810,Urban,4,4,5,Available,66,3,38,2026-03-20,Medium
F0811,Rural,3,1,4,Limited,791,2,17,2026-03-21,Medium
F0812,Rural,3,1,8,Available,759,5,27,2026-03-22,Medium
F0813,Urban,5,5,4,Available,978,4,17,2026-03-23,Medium
F0814,Rural,10,2,6,Available,711,4,11,2026-03-24,Low
F0815,Rural,1,4,5,Limited,541,2,39,2026-03-25,High
F0816,Semi-Urban,5,1,2,Available,303,3,2,2026-03-26,Low
F0817,Semi-Urban,6,4,8,Available,396,5,2,2026-03-27,Medium
F0818,Urban,7,6,2,Unavailable,657,2,29,2026-03-28,Medium
F0819,Urban,9,10,9,Available,153,5,45,2026-03-29,Medium
F0820,Urban,3,4,9,Limited,686,0,24,2026-03-30,Medium
F0821,Rural,2,1,3,Unavailable,267,2,24,2026-03-31,Medium
F0822,Urban,3,7,4,Limited,671,0,16,2026-04-01,Medium
F0823,Urban,9,2,8,Limited,337,1,31,2026-04-02,Medium
F0824,Urban,7,9,9,Available,455,3,43,2026-04-03,Medium
F0825,Semi-Urban,9,3,3,Available,195,4,9,2026-04-04,Low
F0826,Rural,2,8,5,Limited,854,3,27,2026-04-05,High
F0827,Urban,5,8,8,Available,705,6,41,2026-04-06,High
F0828,Urban,4,3,3,Available,605,3,14,2026-04-07,Medium
F0829,Semi-Urban,2,4,7,Limited,370,3,45,2026-04-08,High
F0830,Semi-Urban,9,2,8,Available,162,5,25,2026-04-09,Low
F0831,Urban,9,4,10,Unavailable,986,5,43,2026-04-10,High
F0832,Semi-Urban,6,9,3,Limited,823,1,44,2026-04-11,Medium
F0833,Urban,6,2,2,Limited,417,3,22,2026-04-12,Medium
F0834,Urban,8,3,10,Limited,643,3,35,2026-04-13,Medium
F0835,Semi-Urban,6,4,7,Limited,737,4,33,2026-04-14,Medium
F0836,Urban,1,5,9,Limited,662,6,27,2026-04-15,High
F0837,Rural,4,1,1,Available,388,4,40,2026-04-16,Medium
F0838,Urban,7,7,3,Available,520,5,26,2026-04-17,Medium
F0839,Semi-Urban,2,10,5,Limited,641,4,19,2026-04-18,High
F0840,Semi-Urban,9,7,3,Limited,389,3,45,2026-04-19,Medium
F0841,Urban,8,9,1,Available,598,2,39,2026-04-20,Medium
F0842,Semi-Urban,8,4,7,Available,401,3,45,2026-04-21,Medium
F0843,Urban,7,6,7,Available,105,2,26,2026-04-22,Medium
F0844,Rural,4,2,10,Available,806,4,6,2026-04-23,Medium
F0845,Urban,2,4,8,Unavailable,758,3,3,2026-04-24,High
F0846,Urban,3,2,5,Unavailable,479,2,6,2026-04-25,Medium
F0847,Urban,6,10,10,Available,969,4,28,2026-04-26,High
F0848,Rural,5,5,5,Available,344,1,3,2026-04-27,Low
F0849,Semi-Urban,8,7,5,Available,541,3,13,2026-04-28,Low
F0850,Semi-Urban,6,1,1,Limited,508,3,13,2026-04-29,Low
F0851,Urban,6,10,10,Available,948,3,13,2026-04-30,Medium
F0852,Semi-Urban,1,10,5,Available,416,4,1,2026-05-01,Medium
F0853,Urban,4,7,6,Available,915,0,40,2026-05-02,Medium
F0854,Rural,5,10,1,Available,374,2,37,2026-05-03,Medium
F0855,Urban,3,6,7,Available,966,2,31,2026-05-04,Medium
F0856,Urban,9,6,1,Available,307,2,17,2026-05-05,Low
F0857,Urban,1,8,2,Available,478,5,9,2026-05-06,Medium
F0858,Semi-Urban,6,8,2,Available,643,2,45,2026-05-07,Medium
F0859,Semi-Urban,6,6,5,Available,555,2,13,2026-05-08,Medium
F0860,Urban,10,3,10,Limited,310,2,37,2026-05-09,Medium
F0861,Semi-Urban,5,5,7,Limited,870,3,14,2026-05-10,Medium
F0862,Semi-Urban,5,2,1,Limited,857,3,11,2026-05-11,Medium
F0863,Semi-Urban,10,5,10,Unavailable,187,5,25,2026-05-12,Medium
F0864,Urban,5,9,1,Available,969,3,31,2026-05-13,Medium
F0865,Urban,6,10,1,Available,640,2,14,2026-05-14,Medium
F0866,Semi-Urban,8,1,6,Available,447,6,7,2026-05-15,Low
F0867,Urban,2,10,2,Limited,721,5,24,2026-05-16,High
F0868,Urban,6,5,1,Unavailable,509,4,36,2026-05-17,Medium
F0869,Rural,1,6,6,Available,374,3,42,2026-05-18,Medium
F0870,Rural,4,7,2,Available,215,3,42,2026-05-19,Medium
F0871,Urban,10,9,6,Available,564,1,47,2026-05-20,Medium
F0872,Urban,3,6,10,Limited,736,2,44,2026-05-21,High
F0873,Semi-Urban,9,5,8,Available,843,5,41,2026-05-22,Medium
F0874,Urban,3,7,2,Available,951,2,3,2026-05-23,Medium
F0875,Urban,6,1,9,Available,713,5,47,2026-05-24,Medium
F0876,Urban,1,5,8,Available,678,5,44,2026-05-25,High
F0877,Semi-Urban,6,2,10,Limited,958,2,26,2026-05-26,Medium
F0878,Semi-Urban,4,4,1,Available,799,5,47,2026-05-27,Medium
F0879,Urban,8,7,7,Limited,30,5,26,2026-05-28,Medium
F0880,Urban,9,5,10,Available,601,2,1,2026-05-29,Low
F0881,Urban,4,6,6,Limited,275,4,15,2026-05-30,Medium
F0882,Semi-Urban,10,2,6,Limited,415,1,11,2026-05-31,Low
F0883,Urban,10,3,6,Available,750,3,37,2026-06-01,Medium
F0884,Urban,6,7,6,Available,828,6,7,2026-06-02,Medium
F0885,Semi-Urban,1,2,10,Limited,428,4,12,2026-06-03,Medium
F0886,Urban,4,6,7,Available,381,2,38,2026-06-04,Medium
F0887,Semi-Urban,7,5,3,Limited,278,6,3,2026-06-05,Medium
F0888,Urban,1,10,6,Limited,22,5,42,2026-06-06,High
F0889,Urban,8,1,3,Limited,103,4,26,2026-06-07,Low
F0890,Urban,10,10,7,Available,175,7,30,2026-06-08,Medium
F0891,Semi-Urban,6,4,7,Available,682,5,32,2026-06-09,Medium
F0892,Rural,5,2,8,Available,195,4,36,2026-06-10,Medium
F0893,Rural,10,4,2,Available,726,3,45,2026-06-11,Low
F0894,Urban,9,1,9,Limited,957,2,37,2026-06-12,Medium
F0895,Semi-Urban,2,2,5,Limited,491,3,18,2026-06-13,Medium
F0896,Urban,5,8,9,Available,638,3,1,2026-06-14,Medium
F0897,Urban,6,6,10,Limited,443,3,21,2026-06-15,Medium
F0898,Rural,7,2,5,Available,153,3,28,2026-06-16,Low
F0899,Urban,5,6,7,Available,807,0,48,2026-06-17,Medium
F0900,Urban,9,10,9,Unavailable,926,6,16,2026-06-18,High
F0901,Urban,1,9,4,Unavailable,883,3,48,2026-06-19,High
F0902,Urban,7,7,2,Available,399,4,28,2026-06-20,Medium
F0903,Urban,10,9,9,Unavailable,686,0,22,2026-06-21,Medium
F0904,Semi-Urban,7,5,2,Available,296,1,19,2026-06-22,Low
F0905,Urban,4,7,3,Available,255,2,48,2026-06-23,Medium
F0906,Rural,9,7,10,Available,771,1,1,2026-06-24,Medium
F0907,Rural,5,3,2,Unavailable,901,4,31,2026-06-25,Medium
F0908,Urban,4,7,3,Available,32,2,42,2026-06-26,Medium
F0909,Urban,7,1,6,Available,361,4,34,2026-06-27,Medium
F0910,Urban,4,9,3,Available,54,4,46,2026-06-28,Medium
F0911,Semi-Urban,3,10,10,Limited,578,2,40,2026-06-29,High
F0912,Urban,9,6,8,Available,233,5,6,2026-06-30,Low
F0913,Semi-Urban,8,5,6,Available,431,5,28,2026-07-01,Medium
F0914,Urban,1,7,7,Available,424,1,3,2026-07-02,Medium
F0915,Semi-Urban,7,5,1,Available,513,5,31,2026-07-03,Medium
F0916,Urban,9,10,3,Limited,677,2,16,2026-07-04,Medium
F0917,Urban,8,5,3,Available,178,1,17,2026-07-05,Low
F0918,Rural,8,10,2,Limited,975,5,44,2026-07-06,Medium
F0919,Semi-Urban,6,7,7,Available,656,6,27,2026-07-07,Medium
F0920,Urban,4,10,9,Limited,129,1,24,2026-07-08,High
F0921,Rural,8,7,4,Available,568,5,20,2026-07-09,Medium
F0922,Semi-Urban,3,3,5,Available,808,3,32,2026-07-10,Medium
F0923,Rural,9,3,3,Available,545,0,35,2026-07-11,Low
F0924,Semi-Urban,2,10,9,Limited,366,1,13,2026-07-12,High
F0925,Urban,2,3,4,Limited,763,5,48,2026-07-13,High
F0926,Urban,7,6,5,Available,847,2,43,2026-07-14,Medium
F0927,Urban,10,6,1,Limited,655,3,20,2026-07-15,Low
F0928,Semi-Urban,4,3,2,Available,298,3,48,2026-07-16,Medium
F0929,Semi-Urban,10,3,9,Available,498,4,2,2026-07-17,Low
F0930,Urban,8,8,2,Available,130,3,4,2026-07-18,Low
F0931,Urban,9,8,5,Available,655,4,27,2026-07-19,Medium
F0932,Rural,7,7,8,Limited,944,3,25,2026-07-20,Medium
F0933,Rural,5,10,3,Available,450,7,4,2026-07-21,Medium
F0934,Semi-Urban,8,4,6,Available,561,3,32,2026-07-22,Medium
F0935,Urban,4,4,4,Available,134,3,17,2026-07-23,Medium
F0936,Urban,2,3,7,Available,109,1,1,2026-07-24,Medium
F0937,Urban,6,5,10,Available,231,3,33,2026-07-25,Medium
F0938,Rural,9,3,3,Available,569,2,30,2026-07-26,Low
F0939,Urban,1,8,6,Available,614,5,5,2026-07-27,Medium
F0940,Semi-Urban,10,7,10,Available,558,6,12,2026-07-28,Medium
F0941,Urban,7,3,9,Available,748,4,38,2026-07-29,Medium
F0942,Semi-Urban,10,9,10,Available,379,4,32,2026-07-30,Medium
F0943,Semi-Urban,9,5,1,Available,505,2,38,2026-07-31,Low
F0944,Rural,10,9,3,Available,391,3,17,2026-08-01,Low
F0945,Urban,9,7,2,Available,234,5,45,2026-08-02,Medium
F0946,Urban,10,7,8,Available,752,2,40,2026-08-03,Medium
F0947,Urban,3,6,7,Available,34,3,32,2026-08-04,Medium
F0948,Rural,5,2,2,Available,974,3,24,2026-08-05,Medium
F0949,Rural,8,9,6,Available,278,3,12,2026-08-06,Medium
F0950,Semi-Urban,8,6,3,Available,797,4,47,2026-08-07,Medium
F0951,Semi-Urban,4,8,8,Available,482,3,31,2026-08-08,Medium
F0952,Semi-Urban,1,1,10,Unavailable,139,0,19,2026-08-09,High
F0953,Urban,1,5,3,Available,995,3,29,2026-08-10,Medium
F0954,Rural,4,1,10,Available,932,2,21,2026-08-11,Medium
F0955,Urban,6,10,9,Limited,147,6,26,2026-08-12,High
F0956,Urban,8,8,1,Available,742,1,28,2026-08-13,Low
F0957,Semi-Urban,6,8,5,Limited,542,2,17,2026-08-14,Medium
F0958,Urban,9,1,3,Available,707,2,9,2026-08-15,Low
F0959,Urban,9,9,6,Unavailable,664,1,21,2026-08-16,Medium
F0960,Semi-Urban,2,2,10,Available,344,4,34,2026-08-17,Medium
F0961,Urban,10,9,2,Available,339,5,11,2026-08-18,Low
F0962,Semi-Urban,1,1,9,Limited,525,2,20,2026-08-19,Medium
F0963,Urban,2,10,6,Available,545,4,47,2026-08-20,High
F0964,Urban,5,9,7,Available,69,4,39,2026-08-21,Medium
F0965,Urban,4,4,5,Limited,941,3,16,2026-08-22,Medium
F0966,Urban,4,9,9,Available,603,4,29,2026-08-23,Medium
F0967,Semi-Urban,9,7,1,Available,88,2,1,2026-08-24,Low
F0968,Urban,8,6,5,Available,410,2,18,2026-08-25,Low
F0969,Semi-Urban,6,5,10,Available,402,3,22,2026-08-26,Medium
F0970,Semi-Urban,1,9,6,Limited,35,3,8,2026-08-27,Medium
F0971,Semi-Urban,2,2,7,Unavailable,458,2,7,2026-08-28,Medium
F0972,Rural,6,2,4,Available,865,2,25,2026-08-29,Medium
F0973,Semi-Urban,2,9,1,Available,888,6,30,2026-08-30,Medium
F0974,Urban,10,3,8,Available,587,2,34,2026-08-31,Medium
F0975,Urban,5,8,10,Available,636,4,44,2026-09-01,High
F0976,Urban,5,9,4,Unavailable,151,2,48,2026-09-02,High
F0977,Semi-Urban,6,8,3,Available,579,4,41,2026-09-03,Medium
F0978,Urban,6,4,7,Available,267,3,11,2026-09-04,Medium
F0979,Semi-Urban,6,1,2,Limited,292,0,15,2026-09-05,Low
F0980,Semi-Urban,2,4,8,Limited,642,4,35,2026-09-06,High
F0981,Urban,10,9,6,Available,951,2,23,2026-09-07,Medium
F0982,Semi-Urban,3,2,7,Available,857,2,45,2026-09-08,Medium
F0983,Urban,6,3,5,Available,867,3,21,2026-09-09,Medium
F0984,Urban,8,10,9,Unavailable,368,6,28,2026-09-10,High
F0985,Semi-Urban,1,8,5,Available,503,5,13,2026-09-11,Medium
F0986,Semi-Urban,1,6,5,Available,569,5,34,2026-09-12,Medium
F0987,Semi-Urban,2,8,3,Available,376,0,38,2026-09-13,Medium
F0988,Urban,6,7,1,Available,771,4,6,2026-09-14,Low
F0989,Urban,9,5,2,Available,337,4,44,2026-09-15,Low
F0990,Rural,4,9,8,Unavailable,652,3,4,2026-09-16,High
F0991,Semi-Urban,3,4,1,Limited,67,4,5,2026-09-17,Medium
F0992,Semi-Urban,8,6,7,Unavailable,29,2,40,2026-09-18,Medium
F0993,Urban,10,2,5,Available,252,2,6,2026-09-19,Low
F0994,Semi-Urban,9,2,3,Limited,55,1,21,2026-09-20,Low
F0995,Urban,5,2,7,Limited,432,5,28,2026-09-21,Medium
F0996,Urban,9,10,9,Available,481,2,3,2026-09-22,Medium
F0997,Rural,2,7,2,Available,23,0,23,2026-09-23,Medium
F0998,Urban,3,2,8,Available,63,3,8,2026-09-24,Medium
F0999,Rural,7,2,9,Limited,587,3,19,2026-09-25,Medium
F1000,Urban,7,9,3,Available,573,4,11,2026-09-26,Medium
F1001,Urban,6,7,2,Unavailable,274,2,10,2026-09-27,Medium
F1002,Semi-Urban,6,3,7,Available,759,4,28,2026-09-28,Medium
F1003,Rural,2,3,5,Limited,133,4,20,2026-09-29,Medium
F1004,Semi-Urban,10,7,5,Available,768,0,44,2026-09-30,Medium
F1005,Rural,6,5,10,Limited,416,1,28,2026-10-01,Medium
F1006,Semi-Urban,4,10,5,Available,193,4,29,2026-10-02,Medium
F1007,Semi-Urban,3,6,4,Unavailable,274,1,8,2026-10-03,Medium
F1008,Rural,2,8,5,Available,485,3,19,2026-10-04,Medium
F1009,Urban,1,9,4,Available,948,2,48,2026-10-05,High
F1010,Semi-Urban,5,1,6,Available,296,3,21,2026-10-06,Medium
F1011,Urban,2,3,4,Available,483,0,18,2026-10-07,Medium
F1012,Rural,2,7,2,Available,866,0,9,2026-10-08,Medium
F1013,Rural,7,6,9,Available,521,4,4,2026-10-09,Medium
F1014,Urban,8,7,2,Limited,460,1,41,2026-10-10,Medium
F1015,Semi-Urban,10,8,9,Available,88,2,25,2026-10-11,Medium
F1016,Rural,8,6,10,Available,528,1,34,2026-10-12,Medium
F1017,Urban,4,3,6,Available,345,5,9,2026-10-13,Medium
F1018,Semi-Urban,1,2,9,Available,761,1,9,2026-10-14,Medium
F1019,Rural,7,7,9,Unavailable,86,3,18,2026-10-15,Medium
F1020,Urban,1,1,3,Available,323,2,11,2026-10-16,Low
F1021,Semi-Urban,4,3,1,Unavailable,991,3,13,2026-10-17,Medium
F1022,Urban,8,4,1,Available,503,1,38,2026-10-18,Low
F1023,Rural,2,1,3,Available,948,5,9,2026-10-19,Medium
F1024,Rural,6,5,5,Limited,567,1,16,2026-10-20,Medium
F1025,Rural,6,10,3,Available,436,3,4,2026-10-21,Medium
F1026,Semi-Urban,9,3,9,Available,178,4,34,2026-10-22,Medium
F1027,Rural,5,2,9,Available,168,4,7,2026-10-23,Medium
F1028,Rural,10,3,3,Limited,46,1,15,2026-10-24,Low
F1029,Urban,4,8,3,Available,603,4,38,2026-10-25,Medium
F1030,Rural,5,6,5,Available,267,1,11,2026-10-26,Low
F1031,Urban,10,7,2,Available,120,2,32,2026-10-27,Low
F1032,Semi-Urban,5,6,6,Available,721,3,27,2026-10-28,Medium
F1033,Urban,8,6,7,Unavailable,115,5,30,2026-10-29,Medium
F1034,Urban,10,3,9,Available,403,3,17,2026-10-30,Low
F1035,Urban,8,8,6,Available,301,5,36,2026-10-31,Medium
F1036,Semi-Urban,2,7,3,Limited,341,1,19,2026-11-01,Medium
F1037,Urban,7,7,5,Available,415,2,7,2026-11-02,Low
F1038,Semi-Urban,8,6,4,Available,297,2,43,2026-11-03,Medium
F1039,Urban,6,5,5,Available,548,4,45,2026-11-04,Medium
F1040,Urban,5,10,8,Available,282,1,21,2026-11-05,Medium
F1041,Semi-Urban,9,8,8,Available,638,2,28,2026-11-06,Medium
F1042,Semi-Urban,3,5,6,Available,599,1,3,2026-11-07,Medium
F1043,Urban,10,9,1,Available,659,2,14,2026-11-08,Low
F1044,Semi-Urban,4,9,8,Available,312,4,2,2026-11-09,Medium
F1045,Rural,9,1,8,Available,313,1,29,2026-11-10,Low
F1046,Semi-Urban,6,6,2,Available,627,8,18,2026-11-11,Medium
F1047,Urban,8,7,4,Available,414,6,37,2026-11-12,Medium
F1048,Urban,7,3,2,Unavailable,532,4,45,2026-11-13,Medium
F1049,Rural,2,7,4,Available,940,4,45,2026-11-14,High
F1050,Urban,3,7,10,Limited,829,2,24,2026-11-15,High
F1051,Rural,1,2,7,Available,199,3,46,2026-11-16,Medium
F1052,Semi-Urban,9,7,9,Limited,939,5,12,2026-11-17,Medium
F1053,Rural,7,1,8,Unavailable,712,3,45,2026-11-18,High
F1054,Semi-Urban,1,5,9,Available,254,3,32,2026-11-19,Medium
F1055,Rural,3,9,8,Available,971,1,18,2026-11-20,Medium
F1056,Urban,4,7,2,Available,850,3,13,2026-11-21,Medium
F1057,Semi-Urban,4,7,7,Available,356,3,4,2026-11-22,Medium
F1058,Urban,5,2,2,Available,27,3,23,2026-11-23,Low
F1059,Semi-Urban,3,8,2,Limited,462,3,10,2026-11-24,Medium
F1060,Semi-Urban,3,3,4,Available,960,2,5,2026-11-25,Medium
F1061,Rural,1,8,1,Available,558,3,40,2026-11-26,Medium
F1062,Rural,7,3,5,Available,839,3,14,2026-11-27,Low
F1063,Semi-Urban,10,10,6,Available,677,5,34,2026-11-28,Medium
F1064,Urban,1,7,9,Unavailable,110,1,28,2026-11-29,High
F1065,Urban,2,2,10,Limited,873,3,8,2026-11-30,Medium
F1066,Semi-Urban,4,4,8,Available,291,5,16,2026-12-01,Medium
F1067,Urban,4,6,2,Available,853,2,31,2026-12-02,Medium
F1068,Urban,5,9,1,Available,24,2,7,2026-12-03,Low
F1069,Urban,2,5,2,Limited,613,2,3,2026-12-04,Medium
F1070,Urban,4,9,7,Available,918,3,29,2026-12-05,Medium
F1071,Urban,1,5,4,Available,238,1,36,2026-12-06,Medium
F1072,Urban,2,10,10,Limited,137,2,39,2026-12-07,High
F1073,Urban,1,8,5,Available,612,1,4,2026-12-08,Medium
F1074,Urban,10,1,7,Limited,995,2,9,2026-12-09,Medium
F1075,Rural,10,7,3,Available,601,2,17,2026-12-10,Low
F1076,Urban,4,4,10,Unavailable,134,2,20,2026-12-11,High
F1077,Urban,4,5,2,Available,282,3,14,2026-12-12,Low
F1078,Semi-Urban,7,6,7,Available,325,2,46,2026-12-13,Medium
F1079,Urban,10,5,5,Available,673,1,29,2026-12-14,Low
F1080,Rural,9,1,1,Limited,441,4,13,2026-12-15,Low
F1081,Semi-Urban,9,9,1,Available,226,3,36,2026-12-16,Low
F1082,Urban,5,2,9,Available,642,3,45,2026-12-17,Medium
F1083,Urban,10,9,5,Available,322,1,17,2026-12-18,Low
F1084,Rural,1,10,1,Available,131,7,47,2026-12-19,Medium
F1085,Rural,1,2,7,Available,436,5,43,2026-12-20,Medium
F1086,Semi-Urban,6,9,9,Limited,574,1,4,2026-12-21,Medium
F1087,Semi-Urban,2,6,1,Available,878,5,20,2026-12-22,Medium
F1088,Urban,8,9,10,Available,304,3,11,2026-12-23,Medium
F1089,Rural,9,6,4,Available,659,7,42,2026-12-24,Medium
F1090,Urban,4,6,3,Available,204,2,22,2026-12-25,Medium
F1091,Rural,5,2,5,Available,760,2,45,2026-12-26,Medium
F1092,Semi-Urban,8,8,7,Available,920,2,8,2026-12-27,Medium
F1093,Semi-Urban,3,3,8,Available,240,3,28,2026-12-28,Medium
F1094,Semi-Urban,5,7,2,Available,883,3,45,2026-12-29,Medium
F1095,Urban,3,5,7,Unavailable,463,2,41,2026-12-30,High
F1096,Urban,10,3,1,Available,136,2,30,2026-12-31,Low
F1097,Urban,3,1,7,Available,89,1,33,2027-01-01,Medium
F1098,Urban,3,8,8,Limited,917,4,33,2027-01-02,High
F1099,Semi-Urban,7,3,2,Limited,89,8,47,2027-01-03,Medium
F1100,Urban,7,2,9,Available,641,5,36,2027-01-04,Medium
F1101,Urban,7,1,1,Available,446,3,27,2027-01-05,Low
F1102,Rural,10,4,6,Limited,663,4,20,2027-01-06,Medium
F1103,Rural,8,8,1,Available,587,3,33,2027-01-07,Medium
F1104,Rural,5,3,3,Available,462,3,25,2027-01-08,Medium
F1105,Rural,5,1,6,Available,620,5,44,2027-01-09,Medium
F1106,Urban,4,4,3,Available,156,4,43,2027-01-10,Medium
F1107,Urban,7,9,8,Available,523,3,19,2027-01-11,Medium
F1108,Semi-Urban,10,1,5,Limited,150,1,47,2027-01-12,Medium
F1109,Semi-Urban,4,2,2,Available,237,3,21,2027-01-13,Low
F1110,Urban,2,9,4,Available,707,6,42,2027-01-14,High
F1111,Rural,4,2,9,Available,190,2,33,2027-01-15,Medium
F1112,Urban,8,3,4,Available,494,1,3,2027-01-16,Low
F1113,Urban,9,7,10,Limited,631,3,14,2027-01-17,Medium
F1114,Semi-Urban,3,3,10,Available,148,4,15,2027-01-18,Medium
F1115,Semi-Urban,7,9,8,Unavailable,76,2,33,2027-01-19,High
F1116,Semi-Urban,9,6,5,Available,200,1,42,2027-01-20,Medium
F1117,Urban,4,3,10,Available,265,3,22,2027-01-21,Medium
F1118,Rural,10,9,1,Limited,163,2,1,2027-01-22,Low
F1119,Urban,3,1,7,Available,70,7,31,2027-01-23,Medium
F1120,Urban,5,10,3,Available,387,3,47,2027-01-24,Medium
F1121,Rural,1,3,10,Limited,478,3,35,2027-01-25,High
F1122,Rural,3,1,8,Available,237,6,20,2027-01-26,Medium
F1123,Rural,8,2,3,Limited,635,5,32,2027-01-27,Medium
F1124,Rural,8,8,1,Unavailable,914,5,12,2027-01-28,Medium
F1125,Semi-Urban,4,7,5,Available,586,5,16,2027-01-29,Medium
F1126,Semi-Urban,2,2,2,Available,276,7,8,2027-01-30,Medium
F1127,Urban,8,2,4,Available,877,1,14,2027-01-31,Low
F1128,Urban,8,9,1,Available,175,4,18,2027-02-01,Low
F1129,Urban,10,6,9,Limited,584,0,30,2027-02-02,Medium
F1130,Urban,4,5,6,Limited,461,4,33,2027-02-03,Medium
F1131,Semi-Urban,3,10,8,Available,860,6,34,2027-02-04,High
F1132,Semi-Urban,2,6,4,Available,975,2,44,2027-02-05,Medium
F1133,Urban,9,9,9,Available,718,2,34,2027-02-06,Medium
F1134,Urban,1,7,2,Available,895,3,7,2027-02-07,Medium
F1135,Semi-Urban,7,10,9,Limited,681,2,6,2027-02-08,Medium
F1136,Urban,5,10,5,Available,795,7,6,2027-02-09,Medium
F1137,Rural,8,9,6,Limited,781,2,22,2027-02-10,Medium
F1138,Semi-Urban,4,4,3,Available,964,4,8,2027-02-11,Medium
F1139,Semi-Urban,7,2,4,Limited,829,3,37,2027-02-12,Medium
F1140,Semi-Urban,5,8,6,Available,942,2,15,2027-02-13,Medium
F1141,Rural,5,4,7,Available,954,3,26,2027-02-14,Medium
F1142,Urban,9,9,1,Available,742,2,39,2027-02-15,Medium
F1143,Semi-Urban,9,4,7,Limited,44,1,3,2027-02-16,Low
F1144,Semi-Urban,9,8,1,Available,825,3,10,2027-02-17,Low
F1145,Urban,6,9,5,Available,872,3,3,2027-02-18,Medium
F1146,Rural,6,9,6,Available,683,0,30,2027-02-19,Medium
F1147,Semi-Urban,5,10,2,Available,555,2,46,2027-02-20,Medium
F1148,Semi-Urban,9,4,10,Available,783,3,22,2027-02-21,Medium
F1149,Rural,10,1,9,Unavailable,79,1,3,2027-02-22,Medium
F1150,Rural,8,3,10,Available,486,2,1,2027-02-23,Low
F1151,Semi-Urban,7,9,6,Available,453,5,33,2027-02-24,Medium
F1152,Rural,7,4,7,Available,898,4,19,2027-02-25,Medium
F1153,Semi-Urban,6,5,10,Available,85,2,36,2027-02-26,Medium
F1154,Semi-Urban,5,7,8,Available,929,3,34,2027-02-27,Medium
F1155,Semi-Urban,4,5,10,Available,584,2,31,2027-02-28,Medium
F1156,Semi-Urban,3,4,1,Available,947,2,43,2027-03-01,Medium
F1157,Urban,3,2,8,Available,125,6,24,2027-03-02,Medium
F1158,Rural,6,2,4,Limited,115,2,12,2027-03-03,Low
F1159,Rural,4,4,10,Available,707,3,13,2027-03-04,Medium
F1160,Urban,6,10,8,Unavailable,570,2,16,2027-03-05,High
F1161,Rural,3,10,6,Available,187,3,16,2027-03-06,Medium
F1162,Urban,4,9,9,Available,61,4,20,2027-03-07,Medium
F1163,Urban,9,8,4,Available,898,1,41,2027-03-08,Medium
F1164,Semi-Urban,5,3,2,Available,123,2,48,2027-03-09,Medium
F1165,Urban,7,9,2,Unavailable,864,6,27,2027-03-10,High
F1166,Rural,10,5,5,Limited,223,1,39,2027-03-11,Medium
F1167,Rural,2,3,10,Available,539,1,13,2027-03-12,Medium
F1168,Semi-Urban,5,5,9,Available,994,3,4,2027-03-13,Medium
F1169,Urban,9,10,3,Available,301,3,32,2027-03-14,Medium
F1170,Urban,3,4,8,Available,927,1,45,2027-03-15,Medium
F1171,Semi-Urban,9,8,4,Available,62,2,40,2027-03-16,Medium
F1172,Rural,6,5,6,Unavailable,966,2,34,2027-03-17,High
F1173,Semi-Urban,4,10,10,Unavailable,129,3,39,2027-03-18,High
F1174,Urban,7,8,6,Unavailable,229,4,43,2027-03-19,High
F1175,Semi-Urban,8,9,3,Limited,768,2,17,2027-03-20,Medium
F1176,Semi-Urban,6,4,5,Available,887,4,24,2027-03-21,Medium
F1177,Semi-Urban,5,7,3,Available,850,4,29,2027-03-22,Medium
F1178,Urban,6,2,1,Available,68,4,46,2027-03-23,Low
F1179,Semi-Urban,5,6,7,Available,134,5,28,2027-03-24,Medium
F1180,Semi-Urban,8,8,4,Available,174,4,45,2027-03-25,Medium
F1181,Rural,1,7,7,Limited,668,5,47,2027-03-26,High
F1182,Urban,7,7,3,Limited,522,2,22,2027-03-27,Medium
F1183,Semi-Urban,10,8,5,Unavailable,698,2,28,2027-03-28,Medium
F1184,Rural,10,7,5,Limited,852,5,25,2027-03-29,Medium
F1185,Urban,2,5,2,Unavailable,730,1,41,2027-03-30,High
F1186,Rural,9,7,10,Available,90,1,3,2027-03-31,Low
F1187,Semi-Urban,1,10,2,Limited,538,1,13,2027-04-01,Medium
F1188,Urban,10,3,4,Available,731,3,31,2027-04-02,Low
F1189,Urban,6,5,4,Available,355,2,13,2027-04-03,Low
F1190,Semi-Urban,9,7,4,Unavailable,86,6,41,2027-04-04,Medium
F1191,Urban,1,9,6,Limited,512,1,18,2027-04-05,High
F1192,Semi-Urban,4,2,2,Available,669,1,37,2027-04-06,Medium
F1193,Urban,4,4,6,Available,773,2,43,2027-04-07,Medium
F1194,Semi-Urban,9,7,7,Available,986,3,34,2027-04-08,Medium
F1195,Urban,5,1,10,Available,232,3,17,2027-04-09,Medium
F1196,Rural,5,2,3,Unavailable,200,3,21,2027-04-10,Medium
F1197,Rural,6,9,8,Available,785,0,36,2027-04-11,Medium
F1198,Rural,1,10,2,Available,632,3,40,2027-04-12,Medium
F1199,Semi-Urban,1,7,8,Available,882,3,19,2027-04-13,Medium
F1200,Urban,9,10,5,Available,618,1,12,2027-04-14,Low
F1201,Semi-Urban,3,7,2,Available,716,1,28,2027-04-15,Medium
F1202,Urban,4,6,7,Unavailable,622,2,11,2027-04-16,High
F1203,Urban,1,3,2,Available,267,4,48,2027-04-17,Medium
F1204,Urban,9,10,6,Available,233,4,37,2027-04-18,Medium
F1205,Semi-Urban,8,3,10,Available,378,5,28,2027-04-19,Medium
F1206,Semi-Urban,2,2,3,Available,268,4,35,2027-04-20,Medium
F1207,Semi-Urban,8,6,9,Limited,657,3,44,2027-04-21,Medium
F1208,Urban,7,4,3,Available,942,0,15,2027-04-22,Low
F1209,Urban,6,5,3,Limited,969,3,16,2027-04-23,Medium
F1210,Rural,1,3,5,Available,900,4,45,2027-04-24,Medium
F1211,Urban,7,6,7,Available,535,3,7,2027-04-25,Medium
F1212,Semi-Urban,10,3,8,Available,107,3,47,2027-04-26,Medium
F1213,Urban,7,8,7,Available,682,1,3,2027-04-27,Medium
F1214,Semi-Urban,9,9,9,Limited,195,3,31,2027-04-28,Medium
F1215,Semi-Urban,1,4,5,Available,742,0,12,2027-04-29,Medium
F1216,Urban,2,9,10,Available,445,4,8,2027-04-30,Medium
F1217,Urban,9,7,3,Available,790,0,25,2027-05-01,Low
F1218,Semi-Urban,9,3,6,Available,622,4,44,2027-05-02,Medium
F1219,Semi-Urban,6,7,5,Unavailable,790,4,35,2027-05-03,High
F1220,Urban,6,1,4,Available,943,2,12,2027-05-04,Low
F1221,Rural,4,3,2,Available,722,3,21,2027-05-05,Medium
F1222,Urban,4,6,7,Unavailable,100,3,26,2027-05-06,High
F1223,Urban,5,4,5,Available,946,8,2,2027-05-07,Medium
F1224,Rural,3,7,4,Available,157,5,14,2027-05-08,Medium
F1225,Urban,1,3,8,Available,452,3,46,2027-05-09,Medium
F1226,Semi-Urban,1,1,9,Limited,489,2,4,2027-05-10,Medium
F1227,Urban,7,9,9,Limited,369,3,17,2027-05-11,Medium
F1228,Urban,1,6,3,Available,145,3,47,2027-05-12,Medium
F1229,Rural,1,8,3,Available,900,1,48,2027-05-13,High
F1230,Urban,3,3,5,Unavailable,936,4,5,2027-05-14,Medium
F1231,Rural,10,8,5,Available,887,8,24,2027-05-15,Medium
F1232,Urban,4,2,10,Available,328,1,7,2027-05-16,Medium
F1233,Urban,4,4,2,Available,874,5,23,2027-05-17,Medium
F1234,Urban,2,3,1,Limited,249,5,47,2027-05-18,Medium
F1235,Semi-Urban,1,10,8,Available,479,4,17,2027-05-19,Medium
F1236,Urban,3,1,3,Available,364,10,12,2027-05-20,Medium
F1237,Rural,4,7,1,Available,329,5,11,2027-05-21,Medium
F1238,Semi-Urban,3,10,1,Available,972,3,11,2027-05-22,Medium
F1239,Rural,8,2,2,Limited,39,3,34,2027-05-23,Low
F1240,Urban,10,4,6,Available,900,2,47,2027-05-24,Medium
F1241,Rural,1,9,6,Available,580,4,37,2027-05-25,High
F1242,Semi-Urban,2,6,3,Available,666,2,29,2027-05-26,Medium
F1243,Semi-Urban,7,8,4,Available,560,2,48,2027-05-27,Medium
F1244,Rural,4,2,2,Limited,579,2,36,2027-05-28,Medium
F1245,Semi-Urban,8,7,2,Available,496,3,27,2027-05-29,Low
F1246,Semi-Urban,3,6,7,Limited,288,5,42,2027-05-30,High
F1247,Urban,6,9,1,Available,22,5,22,2027-05-31,Low
F1248,Urban,9,7,7,Available,789,4,2,2027-06-01,Low
F1249,Rural,1,1,1,Available,35,6,47,2027-06-02,Medium
F1250,Semi-Urban,1,8,6,Available,625,4,36,2027-06-03,High
F1251,Semi-Urban,8,10,3,Available,377,1,48,2027-06-04,Medium
F1252,Semi-Urban,3,3,8,Limited,665,6,30,2027-06-05,High
F1253,Urban,5,2,6,Available,832,3,7,2027-06-06,Medium
F1254,Urban,1,3,2,Available,858,1,12,2027-06-07,Medium
F1255,Semi-Urban,5,6,8,Limited,152,3,3,2027-06-08,Medium
F1256,Urban,6,3,5,Limited,331,2,17,2027-06-09,Medium
F1257,Urban,8,10,8,Available,986,2,41,2027-06-10,Medium
F1258,Semi-Urban,3,5,8,Available,501,4,32,2027-06-11,Medium
F1259,Urban,3,6,6,Available,914,3,8,2027-06-12,Medium
F1260,Semi-Urban,10,8,2,Limited,563,2,23,2027-06-13,Medium
F1261,Urban,9,7,8,Limited,324,2,38,2027-06-14,Medium
F1262,Semi-Urban,4,8,6,Limited,288,2,30,2027-06-15,Medium
F1263,Urban,4,3,6,Limited,433,1,15,2027-06-16,Medium
F1264,Semi-Urban,7,4,8,Available,44,3,10,2027-06-17,Low
F1265,Urban,2,6,1,Limited,1000,3,38,2027-06-18,Medium
F1266,Urban,8,7,2,Available,335,2,15,2027-06-19,Low
F1267,Urban,6,9,9,Available,590,0,30,2027-06-20,Medium
F1268,Semi-Urban,3,1,8,Available,744,2,46,2027-06-21,Medium
F1269,Semi-Urban,9,8,7,Unavailable,687,3,26,2027-06-22,Medium
F1270,Urban,5,8,7,Limited,845,4,45,2027-06-23,High
F1271,Semi-Urban,8,6,5,Available,295,4,14,2027-06-24,Low
F1272,Rural,7,4,2,Limited,949,1,3,2027-06-25,Low
F1273,Semi-Urban,8,3,6,Limited,408,1,36,2027-06-26,Medium
F1274,Urban,7,3,10,Available,741,2,26,2027-06-27,Medium
F1275,Semi-Urban,3,6,3,Available,463,8,14,2027-06-28,Medium
F1276,Urban,2,8,4,Limited,446,2,31,2027-06-29,Medium
F1277,Urban,7,7,10,Available,76,8,14,2027-06-30,Medium
F1278,Rural,3,1,2,Available,716,0,40,2027-07-01,Medium
F1279,Urban,3,6,2,Limited,990,4,10,2027-07-02,Medium
F1280,Semi-Urban,2,7,8,Unavailable,585,3,9,2027-07-03,High
F1281,Semi-Urban,4,7,8,Available,740,4,46,2027-07-04,High
F1282,Semi-Urban,8,9,10,Limited,387,6,40,2027-07-05,High
F1283,Semi-Urban,1,10,6,Available,960,5,43,2027-07-06,High
F1284,Urban,1,5,5,Available,361,1,42,2027-07-07,Medium
F1285,Urban,5,1,8,Available,824,5,18,2027-07-08,Medium
F1286,Semi-Urban,5,2,4,Available,871,4,36,2027-07-09,Medium
F1287,Urban,1,4,4,Limited,323,4,36,2027-07-10,Medium
F1288,Urban,6,5,5,Available,783,0,12,2027-07-11,Medium
F1289,Urban,1,9,1,Available,393,2,40,2027-07-12,Medium
F1290,Urban,5,1,1,Available,969,5,3,2027-07-13,Low
F1291,Urban,9,3,2,Unavailable,835,6,18,2027-07-14,Medium
F1292,Urban,5,5,8,Available,131,1,7,2027-07-15,Medium
F1293,Semi-Urban,6,3,7,Available,897,6,31,2027-07-16,Medium
F1294,Semi-Urban,8,4,10,Available,25,3,1,2027-07-17,Low
F1295,Rural,1,3,9,Limited,949,2,31,2027-07-18,High
F1296,Urban,2,4,5,Available,722,6,13,2027-07-19,Medium
F1297,Urban,9,1,2,Available,865,1,29,2027-07-20,Low
F1298,Urban,3,8,7,Available,963,4,3,2027-07-21,Medium
F1299,Semi-Urban,6,4,8,Limited,298,2,29,2027-07-22,Medium
F1300,Semi-Urban,5,7,7,Available,401,5,35,2027-07-23,Medium
F1301,Urban,2,2,7,Available,871,1,15,2027-07-24,Medium
F1302,Rural,7,2,5,Available,32,1,21,2027-07-25,Low
F1303,Urban,4,6,2,Available,322,3,19,2027-07-26,Medium
F1304,Semi-Urban,1,2,6,Limited,575,1,28,2027-07-27,Medium
F1305,Semi-Urban,4,6,4,Available,636,4,4,2027-07-28,Medium
F1306,Rural,6,2,10,Unavailable,179,3,45,2027-07-29,High
F1307,Semi-Urban,7,4,2,Unavailable,173,2,13,2027-07-30,Medium
F1308,Rural,7,7,9,Available,773,2,15,2027-07-31,Medium
F1309,Urban,7,8,7,Limited,200,5,48,2027-08-01,High
F1310,Rural,3,3,6,Limited,545,3,39,2027-08-02,Medium
F1311,Urban,6,9,5,Limited,199,4,32,2027-08-03,Medium
F1312,Rural,8,2,3,Available,396,2,3,2027-08-04,Low
F1313,Semi-Urban,4,8,10,Available,823,6,30,2027-08-05,High
F1314,Rural,8,8,10,Available,795,2,20,2027-08-06,Medium
F1315,Semi-Urban,2,4,4,Limited,187,2,2,2027-08-07,Medium
F1316,Semi-Urban,10,1,3,Available,233,2,25,2027-08-08,Low
F1317,Semi-Urban,9,1,8,Available,169,4,11,2027-08-09,Low
F1318,Semi-Urban,9,2,3,Available,35,2,1,2027-08-10,Low
F1319,Urban,8,9,7,Available,110,2,48,2027-08-11,Medium
F1320,Urban,10,2,7,Available,139,2,48,2027-08-12,Medium
F1321,Urban,10,2,7,Available,975,5,10,2027-08-13,Low
F1322,Urban,1,6,7,Available,272,6,17,2027-08-14,Medium
F1323,Rural,2,7,2,Unavailable,79,3,30,2027-08-15,High
F1324,Urban,6,7,10,Available,285,3,35,2027-08-16,Medium
F1325,Rural,10,9,3,Limited,428,0,19,2027-08-17,Medium
F1326,Urban,5,6,10,Available,50,1,46,2027-08-18,Medium
F1327,Urban,9,8,9,Available,40,1,34,2027-08-19,Medium
F1328,Semi-Urban,5,6,3,Limited,750,4,32,2027-08-20,Medium
F1329,Semi-Urban,2,2,2,Limited,612,4,12,2027-08-21,Medium
F1330,Semi-Urban,10,1,9,Available,308,2,43,2027-08-22,Medium
F1331,Semi-Urban,4,5,10,Unavailable,562,4,17,2027-08-23,High
F1332,Semi-Urban,9,9,9,Unavailable,517,6,6,2027-08-24,Medium
F1333,Urban,1,8,4,Unavailable,765,4,13,2027-08-25,High
F1334,Rural,1,4,9,Available,493,2,39,2027-08-26,Medium
F1335,Rural,7,5,3,Available,424,1,22,2027-08-27,Low
F1336,Semi-Urban,3,5,7,Available,567,3,11,2027-08-28,Medium
F1337,Urban,10,6,7,Available,980,2,7,2027-08-29,Low
F1338,Semi-Urban,2,3,8,Available,151,6,45,2027-08-30,Medium
F1339,Urban,9,5,10,Limited,343,0,45,2027-08-31,Medium
F1340,Urban,3,2,4,Available,877,0,21,2027-09-01,Medium
F1341,Urban,2,10,3,Available,151,2,1,2027-09-02,Medium
F1342,Semi-Urban,8,1,3,Available,540,4,30,2027-09-03,Low
F1343,Rural,10,1,5,Limited,49,5,19,2027-09-04,Low
F1344,Semi-Urban,6,10,1,Available,646,2,47,2027-09-05,Medium
F1345,Semi-Urban,6,7,10,Limited,320,6,46,2027-09-06,High
F1346,Urban,10,2,3,Available,23,1,29,2027-09-07,Low
F1347,Urban,7,4,6,Limited,344,4,35,2027-09-08,Medium
F1348,Urban,7,5,3,Unavailable,528,12,20,2027-09-09,Medium
F1349,Rural,6,7,5,Available,256,3,36,2027-09-10,Medium
F1350,Urban,4,2,9,Unavailable,554,3,39,2027-09-11,High
F1351,Rural,9,6,2,Available,35,5,1,2027-09-12,Low
F1352,Semi-Urban,6,1,2,Available,553,5,23,2027-09-13,Low
F1353,Urban,4,7,6,Available,603,2,31,2027-09-14,Medium
F1354,Semi-Urban,3,9,6,Available,835,4,35,2027-09-15,Medium
F1355,Semi-Urban,4,5,8,Limited,465,3,47,2027-09-16,High
F1356,Rural,3,5,2,Available,522,2,45,2027-09-17,Medium
F1357,Rural,2,4,9,Available,975,3,22,2027-09-18,Medium
F1358,Urban,5,3,2,Available,249,4,46,2027-09-19,Medium
F1359,Urban,2,9,1,Available,126,4,7,2027-09-20,Medium
F1360,Semi-Urban,6,5,10,Available,739,1,33,2027-09-21,Medium
F1361,Rural,3,8,2,Limited,408,6,45,2027-09-22,High
F1362,Urban,6,9,7,Available,739,2,36,2027-09-23,Medium
F1363,Semi-Urban,10,5,8,Available,282,2,44,2027-09-24,Medium
F1364,Semi-Urban,9,10,5,Available,582,3,7,2027-09-25,Low
F1365,Semi-Urban,1,9,6,Available,84,2,27,2027-09-26,Medium
F1366,Urban,6,2,1,Available,284,4,2,2027-09-27,Low
F1367,Semi-Urban,9,9,6,Limited,357,3,17,2027-09-28,Medium
F1368,Rural,4,4,8,Available,320,3,1,2027-09-29,Medium
F1369,Urban,2,6,3,Available,397,4,46,2027-09-30,Medium
F1370,Urban,4,6,1,Available,194,1,30,2027-10-01,Medium
F1371,Rural,1,6,4,Available,982,3,22,2027-10-02,Medium
F1372,Urban,3,2,1,Limited,171,0,28,2027-10-03,Medium
F1373,Rural,10,7,8,Available,495,1,33,2027-10-04,Medium
F1374,Semi-Urban,9,6,5,Available,285,1,26,2027-10-05,Low
F1375,Urban,10,1,1,Limited,348,3,35,2027-10-06,Low
F1376,Rural,5,2,8,Available,992,2,11,2027-10-07,Medium
F1377,Urban,6,7,9,Available,835,4,7,2027-10-08,Medium
F1378,Semi-Urban,3,1,10,Available,182,5,28,2027-10-09,Medium
F1379,Urban,5,1,2,Available,457,3,25,2027-10-10,Low
F1380,Semi-Urban,8,1,9,Limited,362,3,41,2027-10-11,Medium
F1381,Urban,6,8,8,Available,386,4,31,2027-10-12,Medium
F1382,Urban,4,4,7,Limited,484,6,3,2027-10-13,Medium
F1383,Rural,2,4,3,Available,769,3,33,2027-10-14,Medium
F1384,Urban,9,2,2,Limited,218,3,34,2027-10-15,Low
F1385,Semi-Urban,1,1,7,Available,519,2,21,2027-10-16,Medium
F1386,Urban,1,10,5,Available,35,3,37,2027-10-17,Medium
F1387,Semi-Urban,4,9,6,Available,840,1,19,2027-10-18,Medium
F1388,Urban,7,7,4,Available,315,4,37,2027-10-19,Medium
F1389,Rural,1,4,2,Available,887,3,21,2027-10-20,Medium
F1390,Semi-Urban,9,6,9,Limited,530,1,14,2027-10-21,Medium
F1391,Urban,4,2,3,Unavailable,807,1,10,2027-10-22,Medium
F1392,Urban,3,7,7,Available,258,1,7,2027-10-23,Medium
F1393,Urban,1,2,8,Available,600,0,29,2027-10-24,Medium
F1394,Semi-Urban,10,10,2,Limited,320,2,40,2027-10-25,Medium
F1395,Urban,4,8,6,Available,25,3,8,2027-10-26,Medium
F1396,Rural,9,8,8,Unavailable,239,2,39,2027-10-27,High
F1397,Urban,10,1,7,Available,785,3,13,2027-10-28,Low
F1398,Urban,6,8,3,Available,472,3,46,2027-10-29,Medium
F1399,Semi-Urban,6,2,1,Available,452,6,19,2027-10-30,Low
F1400,Semi-Urban,1,6,6,Available,826,2,11,2027-10-31,Medium
F1401,Urban,10,1,8,Available,889,3,2,2027-11-01,Low
F1402,Urban,2,5,6,Unavailable,405,4,6,2027-11-02,High
F1403,Urban,6,7,5,Unavailable,638,2,29,2027-11-03,High
F1404,Semi-Urban,2,10,8,Available,314,4,41,2027-11-04,High
F1405,Semi-Urban,3,1,2,Available,137,8,5,2027-11-05,Low
F1406,Semi-Urban,4,2,1,Available,424,1,41,2027-11-06,Medium
F1407,Rural,5,7,1,Limited,699,3,30,2027-11-07,Medium
F1408,Rural,9,6,4,Available,782,3,39,2027-11-08,Medium
F1409,Semi-Urban,4,3,6,Available,613,1,36,2027-11-09,Medium
F1410,Rural,9,10,9,Available,585,1,27,2027-11-10,Medium
F1411,Urban,10,2,1,Available,771,2,18,2027-11-11,Low
F1412,Urban,3,10,1,Unavailable,897,6,36,2027-11-12,High
F1413,Urban,8,4,5,Available,31,2,16,2027-11-13,Low
F1414,Urban,1,3,10,Available,228,3,5,2027-11-14,Medium
F1415,Semi-Urban,9,7,5,Available,184,4,9,2027-11-15,Low
F1416,Rural,9,8,5,Available,897,3,34,2027-11-16,Medium
F1417,Urban,10,2,10,Available,313,2,34,2027-11-17,Medium
F1418,Urban,2,10,6,Available,930,4,36,2027-11-18,High
F1419,Semi-Urban,4,7,8,Available,538,3,31,2027-11-19,Medium
F1420,Rural,8,8,3,Available,97,4,20,2027-11-20,Low
F1421,Urban,7,6,9,Available,453,6,17,2027-11-21,Medium
F1422,Semi-Urban,1,6,1,Available,596,4,20,2027-11-22,Medium
F1423,Urban,5,10,4,Limited,633,5,28,2027-11-23,Medium
F1424,Urban,7,1,9,Available,982,3,21,2027-11-24,Medium
F1425,Rural,4,4,8,Available,888,5,19,2027-11-25,Medium
F1426,Rural,1,1,10,Available,831,3,3,2027-11-26,Medium
F1427,Urban,9,4,9,Available,818,2,30,2027-11-27,Medium
F1428,Rural,5,2,1,Available,702,3,5,2027-11-28,Low
F1429,Semi-Urban,2,5,9,Unavailable,96,3,42,2027-11-29,High
F1430,Rural,8,10,3,Available,67,4,6,2027-11-30,Low
F1431,Semi-Urban,2,9,10,Available,786,1,3,2027-12-01,Medium
F1432,Semi-Urban,3,10,9,Limited,101,3,42,2027-12-02,High
F1433,Semi-Urban,10,3,1,Available,914,5,24,2027-12-03,Low
F1434,Semi-Urban,1,8,1,Unavailable,740,0,44,2027-12-04,High
F1435,Urban,2,3,9,Available,228,1,1,2027-12-05,Medium
F1436,Urban,7,6,6,Limited,464,1,36,2027-12-06,Medium
F1437,Urban,10,4,4,Limited,990,2,15,2027-12-07,Medium
F1438,Semi-Urban,2,8,7,Unavailable,615,4,41,2027-12-08,High
F1439,Urban,6,6,5,Unavailable,541,1,38,2027-12-09,High
F1440,Semi-Urban,3,8,10,Limited,48,0,44,2027-12-10,High
F1441,Rural,4,1,7,Limited,323,2,18,2027-12-11,Medium
F1442,Urban,8,6,8,Available,484,8,23,2027-12-12,Medium
F1443,Semi-Urban,3,1,8,Available,521,3,47,2027-12-13,Medium
F1444,Urban,10,1,1,Available,465,4,29,2027-12-14,Low
F1445,Rural,6,8,8,Unavailable,647,4,41,2027-12-15,High
F1446,Urban,1,7,6,Limited,509,2,22,2027-12-16,High
F1447,Semi-Urban,7,3,4,Unavailable,800,2,24,2027-12-17,Medium
F1448,Rural,8,6,8,Limited,447,2,45,2027-12-18,Medium
F1449,Rural,8,9,3,Available,578,3,48,2027-12-19,Medium
F1450,Semi-Urban,3,7,4,Available,378,5,13,2027-12-20,Medium
F1451,Semi-Urban,10,3,6,Available,979,1,33,2027-12-21,Medium
F1452,Semi-Urban,1,6,7,Available,110,3,22,2027-12-22,Medium
F1453,Rural,9,4,4,Available,72,0,35,2027-12-23,Low
F1454,Semi-Urban,6,3,4,Unavailable,749,4,17,2027-12-24,Medium
F1455,Urban,9,9,7,Limited,879,5,22,2027-12-25,Medium
F1456,Rural,7,10,6,Available,608,4,5,2027-12-26,Medium
F1457,Semi-Urban,1,2,8,Available,223,4,25,2027-12-27,Medium
F1458,Semi-Urban,1,1,1,Available,575,2,6,2027-12-28,Low
F1459,Urban,6,2,10,Available,175,2,17,2027-12-29,Medium
F1460,Semi-Urban,5,7,7,Available,21,3,31,2027-12-30,Medium
F1461,Urban,9,10,7,Available,376,4,17,2027-12-31,Medium
F1462,Semi-Urban,2,1,7,Available,844,4,33,2028-01-01,Medium
F1463,Urban,8,6,7,Available,588,1,39,2028-01-02,Medium
F1464,Semi-Urban,5,7,10,Unavailable,821,2,48,2028-01-03,High
F1465,Rural,2,9,10,Available,77,3,37,2028-01-04,High
F1466,Urban,10,8,8,Available,273,2,48,2028-01-05,Medium
F1467,Rural,6,6,9,Available,199,2,4,2028-01-06,Medium
F1468,Urban,10,3,9,Available,512,3,43,2028-01-07,Medium
F1469,Rural,8,8,2,Available,688,5,14,2028-01-08,Low
F1470,Semi-Urban,4,7,7,Limited,54,5,13,2028-01-09,Medium
F1471,Semi-Urban,2,3,7,Available,94,0,27,2028-01-10,Medium
F1472,Semi-Urban,5,9,4,Available,963,2,24,2028-01-11,Medium
F1473,Rural,2,2,9,Available,308,4,27,2028-01-12,Medium
F1474,Urban,2,3,8,Available,390,3,8,2028-01-13,Medium
F1475,Urban,6,2,1,Available,606,4,47,2028-01-14,Medium
F1476,Semi-Urban,10,1,2,Available,348,3,39,2028-01-15,Low
F1477,Rural,9,4,2,Limited,609,4,21,2028-01-16,Medium
F1478,Semi-Urban,4,5,8,Limited,786,7,41,2028-01-17,High
F1479,Semi-Urban,6,6,1,Limited,796,6,11,2028-01-18,Medium
F1480,Urban,7,5,4,Available,323,1,31,2028-01-19,Medium
F1481,Rural,6,1,10,Available,598,3,27,2028-01-20,Medium
F1482,Urban,8,3,5,Unavailable,240,4,42,2028-01-21,Medium
F1483,Semi-Urban,4,1,9,Available,998,4,46,2028-01-22,Medium
F1484,Urban,1,5,7,Available,183,4,48,2028-01-23,Medium
F1485,Urban,7,5,8,Available,499,3,27,2028-01-24,Medium
F1486,Urban,3,6,9,Available,474,5,8,2028-01-25,Medium
F1487,Urban,6,8,7,Available,394,3,33,2028-01-26,Medium
F1488,Semi-Urban,2,10,5,Available,239,3,12,2028-01-27,Medium
F1489,Urban,9,1,5,Available,703,6,35,2028-01-28,Medium
F1490,Urban,1,4,10,Unavailable,273,3,34,2028-01-29,High
F1491,Urban,6,10,6,Available,741,3,16,2028-01-30,Medium
F1492,Urban,6,1,5,Available,207,5,36,2028-01-31,Medium
F1493,Urban,5,9,9,Available,210,5,2,2028-02-01,Medium
F1494,Urban,5,7,3,Available,408,3,12,2028-02-02,Medium
F1495,Semi-Urban,1,7,3,Available,234,3,27,2028-02-03,Medium
F1496,Semi-Urban,10,5,7,Limited,394,1,17,2028-02-04,Medium
F1497,Semi-Urban,5,7,7,Available,105,0,20,2028-02-05,Medium
F1498,Semi-Urban,2,2,6,Limited,493,3,21,2028-02-06,Medium
F1499,Urban,7,4,3,Available,637,2,30,2028-02-07,Medium
F1500,Rural,3,7,7,Available,863,1,42,2028-02-08,Medium
F1501,Semi-Urban,4,3,5,Limited,827,4,20,2028-02-09,Medium
F1502,Semi-Urban,3,2,7,Available,550,2,8,2028-02-10,Medium
F1503,Urban,3,10,2,Available,66,3,18,2028-02-11,Medium
F1504,Urban,4,2,6,Available,84,0,18,2028-02-12,Low
F1505,Urban,5,1,8,Available,982,4,18,2028-02-13,Medium
F1506,Urban,1,5,1,Available,494,3,2,2028-02-14,Medium
F1507,Semi-Urban,4,6,4,Available,165,4,12,2028-02-15,Medium
F1508,Semi-Urban,8,6,1,Available,965,2,32,2028-02-16,Medium
F1509,Semi-Urban,10,9,1,Available,817,2,42,2028-02-17,Medium
F1510,Semi-Urban,7,4,10,Limited,401,4,8,2028-02-18,Medium
F1511,Rural,9,1,8,Limited,85,2,10,2028-02-19,Low
F1512,Semi-Urban,5,6,7,Limited,536,2,11,2028-02-20,Medium
F1513,Rural,10,5,10,Available,112,4,14,2028-02-21,Low
F1514,Urban,4,10,1,Unavailable,884,1,26,2028-02-22,High
F1515,Urban,8,6,2,Available,445,3,47,2028-02-23,Medium
F1516,Urban,9,3,4,Limited,487,0,30,2028-02-24,Medium
F1517,Semi-Urban,7,2,1,Available,113,3,42,2028-02-25,Low
F1518,Rural,7,6,3,Available,637,1,4,2028-02-26,Low
F1519,Urban,5,1,8,Limited,152,2,39,2028-02-27,Medium
F1520,Rural,4,7,8,Available,453,3,11,2028-02-28,Medium
F1521,Urban,10,7,8,Available,360,2,24,2028-02-29,Medium
F1522,Rural,1,10,6,Limited,333,1,22,2028-03-01,High
F1523,Urban,10,7,6,Limited,610,2,3,2028-03-02,Medium
F1524,Urban,10,10,5,Unavailable,231,1,37,2028-03-03,Medium
F1525,Semi-Urban,7,1,9,Available,539,6,2,2028-03-04,Low
F1526,Urban,1,4,4,Available,178,1,12,2028-03-05,Medium
F1527,Urban,1,7,10,Available,287,1,21,2028-03-06,Medium
F1528,Urban,5,9,7,Available,680,0,5,2028-03-07,Medium
F1529,Rural,9,5,1,Available,881,2,7,2028-03-08,Low
F1530,Semi-Urban,6,2,9,Available,977,1,4,2028-03-09,Medium
F1531,Urban,3,7,7,Available,622,3,43,2028-03-10,Medium
F1532,Semi-Urban,3,10,10,Available,767,1,41,2028-03-11,High
F1533,Semi-Urban,7,1,9,Limited,493,5,36,2028-03-12,Medium
F1534,Urban,6,7,7,Unavailable,820,3,22,2028-03-13,High
F1535,Urban,9,6,2,Limited,429,3,29,2028-03-14,Medium
F1536,Urban,6,7,6,Limited,493,0,9,2028-03-15,Medium
F1537,Urban,5,10,10,Available,375,3,26,2028-03-16,Medium
F1538,Semi-Urban,10,3,4,Unavailable,699,1,12,2028-03-17,Medium
F1539,Urban,7,3,3,Available,212,5,48,2028-03-18,Medium
F1540,Semi-Urban,1,7,2,Limited,718,2,1,2028-03-19,Medium
F1541,Semi-Urban,7,2,6,Unavailable,290,2,8,2028-03-20,Medium
F1542,Urban,3,1,8,Unavailable,133,3,33,2028-03-21,High
F1543,Semi-Urban,9,9,6,Available,916,7,4,2028-03-22,Medium
F1544,Urban,6,9,9,Available,542,2,14,2028-03-23,Medium
F1545,Rural,9,7,5,Available,74,2,29,2028-03-24,Low
F1546,Semi-Urban,5,7,2,Available,789,4,14,2028-03-25,Medium
F1547,Rural,7,3,8,Available,84,4,9,2028-03-26,Low
F1548,Semi-Urban,4,10,9,Available,703,2,9,2028-03-27,Medium
F1549,Urban,7,2,10,Available,291,1,26,2028-03-28,Medium
F1550,Semi-Urban,1,7,4,Available,521,3,47,2028-03-29,Medium
F1551,Rural,7,9,6,Limited,681,3,42,2028-03-30,High
F1552,Semi-Urban,8,1,10,Available,381,6,17,2028-03-31,Medium
F1553,Rural,5,4,8,Available,165,0,41,2028-04-01,Medium
F1554,Rural,2,6,9,Limited,962,2,4,2028-04-02,High
F1555,Urban,5,7,5,Available,228,1,46,2028-04-03,Medium
F1556,Urban,6,10,6,Unavailable,305,2,3,2028-04-04,Medium
F1557,Semi-Urban,2,7,4,Available,29,5,29,2028-04-05,Medium
F1558,Urban,6,10,5,Available,758,1,25,2028-04-06,Medium
F1559,Rural,6,2,7,Available,205,4,21,2028-04-07,Medium
F1560,Rural,1,4,9,Available,593,6,12,2028-04-08,Medium
F1561,Urban,1,5,10,Available,616,2,1,2028-04-09,Medium
F1562,Urban,10,1,6,Available,483,2,1,2028-04-10,Low
F1563,Semi-Urban,3,1,6,Available,153,4,45,2028-04-11,Medium
F1564,Urban,10,10,8,Available,854,1,46,2028-04-12,Medium
F1565,Rural,10,3,4,Available,828,3,48,2028-04-13,Medium
F1566,Urban,3,10,3,Available,190,2,7,2028-04-14,Medium
F1567,Semi-Urban,4,3,7,Available,232,7,10,2028-04-15,Medium
F1568,Urban,2,8,5,Available,992,1,15,2028-04-16,Medium
F1569,Semi-Urban,9,9,2,Available,549,3,40,2028-04-17,Medium
F1570,Semi-Urban,10,1,2,Available,845,3,11,2028-04-18,Low
F1571,Semi-Urban,7,2,6,Available,521,5,46,2028-04-19,Medium
F1572,Urban,7,10,8,Limited,591,5,45,2028-04-20,High
F1573,Semi-Urban,6,2,1,Available,619,3,23,2028-04-21,Low
F1574,Rural,3,4,6,Limited,46,4,13,2028-04-22,Medium
F1575,Urban,6,2,2,Limited,87,2,27,2028-04-23,Medium
F1576,Urban,8,7,2,Available,809,4,41,2028-04-24,Medium
F1577,Urban,8,9,7,Available,427,2,17,2028-04-25,Medium
F1578,Semi-Urban,9,7,10,Unavailable,571,4,13,2028-04-26,Medium
F1579,Semi-Urban,1,6,1,Limited,128,0,12,2028-04-27,Medium
F1580,Semi-Urban,1,10,6,Available,93,3,29,2028-04-28,Medium
F1581,Urban,3,1,7,Limited,597,3,21,2028-04-29,Medium
F1582,Urban,3,10,8,Limited,699,3,20,2028-04-30,High
F1583,Semi-Urban,10,9,7,Available,281,1,20,2028-05-01,Low
F1584,Semi-Urban,8,5,6,Limited,387,4,31,2028-05-02,Medium
F1585,Rural,10,5,9,Available,805,0,8,2028-05-03,Low
F1586,Urban,1,6,3,Available,868,4,24,2028-05-04,Medium
F1587,Semi-Urban,2,9,6,Unavailable,889,2,11,2028-05-05,High
F1588,Urban,2,8,4,Limited,256,6,39,2028-05-06,High
F1589,Urban,3,8,2,Available,746,2,33,2028-05-07,Medium
F1590,Semi-Urban,6,8,1,Available,385,4,42,2028-05-08,Medium
F1591,Semi-Urban,1,1,1,Available,305,3,15,2028-05-09,Low
F1592,Rural,2,1,10,Limited,397,6,4,2028-05-10,Medium
F1593,Urban,1,8,3,Available,680,3,1,2028-05-11,Medium
F1594,Urban,5,5,4,Unavailable,849,2,32,2028-05-12,High
F1595,Semi-Urban,7,9,2,Limited,925,2,11,2028-05-13,Medium
F1596,Semi-Urban,8,2,1,Available,395,3,30,2028-05-14,Low
F1597,Urban,10,9,4,Available,638,2,37,2028-05-15,Medium
F1598,Urban,1,8,7,Available,672,2,19,2028-05-16,Medium
F1599,Urban,7,9,10,Available,95,4,36,2028-05-17,Medium
F1600,Rural,5,4,6,Available,28,3,34,2028-05-18,Medium
F1601,Urban,10,1,6,Available,215,7,7,2028-05-19,Low
F1602,Urban,1,1,9,Available,826,6,45,2028-05-20,High
F1603,Urban,3,5,2,Available,811,4,20,2028-05-21,Medium
F1604,Urban,7,2,4,Available,912,4,12,2028-05-22,Low
F1605,Urban,10,8,5,Available,649,3,32,2028-05-23,Medium
F1606,Semi-Urban,1,10,1,Available,309,3,2,2028-05-24,Medium
F1607,Urban,7,5,8,Available,80,5,22,2028-05-25,Medium
F1608,Rural,5,5,8,Available,956,1,41,2028-05-26,Medium
F1609,Urban,1,2,6,Available,408,5,48,2028-05-27,Medium
F1610,Semi-Urban,1,7,5,Available,866,2,40,2028-05-28,High
F1611,Rural,1,8,8,Limited,837,8,24,2028-05-29,High
F1612,Semi-Urban,9,10,3,Available,919,5,31,2028-05-30,Medium
F1613,Semi-Urban,3,1,3,Available,582,3,4,2028-05-31,Low
F1614,Urban,5,2,2,Limited,583,3,24,2028-06-01,Medium
F1615,Urban,10,10,5,Available,653,2,43,2028-06-02,Medium
F1616,Semi-Urban,9,4,3,Available,698,2,17,2028-06-03,Low
F1617,Rural,6,5,3,Unavailable,27,2,40,2028-06-04,Medium
F1618,Semi-Urban,9,2,6,Limited,388,6,19,2028-06-05,Medium
F1619,Semi-Urban,8,1,8,Unavailable,64,0,40,2028-06-06,Medium
F1620,Semi-Urban,8,9,2,Limited,363,1,38,2028-06-07,Medium
F1621,Semi-Urban,1,1,4,Available,776,3,34,2028-06-08,Medium
F1622,Urban,9,4,7,Available,815,6,47,2028-06-09,Medium
F1623,Semi-Urban,6,2,1,Available,394,3,33,2028-06-10,Low
F1624,Rural,9,4,1,Available,638,4,6,2028-06-11,Low
F1625,Urban,3,8,10,Available,46,1,36,2028-06-12,Medium
F1626,Semi-Urban,3,8,7,Limited,212,4,13,2028-06-13,Medium
F1627,Urban,6,9,7,Available,949,2,47,2028-06-14,Medium
F1628,Semi-Urban,9,5,1,Available,868,5,9,2028-06-15,Low
F1629,Urban,7,7,1,Limited,376,3,35,2028-06-16,Medium
F1630,Semi-Urban,3,3,4,Limited,81,2,34,2028-06-17,Medium
F1631,Semi-Urban,3,10,5,Available,81,5,16,2028-06-18,Medium
F1632,Urban,2,4,5,Limited,441,1,18,2028-06-19,Medium
F1633,Semi-Urban,9,10,4,Limited,813,3,18,2028-06-20,Medium
F1634,Semi-Urban,3,9,8,Available,652,1,38,2028-06-21,High
F1635,Rural,5,10,7,Available,811,4,43,2028-06-22,High
F1636,Urban,9,10,9,Available,570,2,32,2028-06-23,Medium
F1637,Urban,8,1,7,Available,399,3,7,2028-06-24,Low
F1638,Urban,2,2,10,Available,296,3,23,2028-06-25,Medium
F1639,Rural,3,5,1,Unavailable,625,2,23,2028-06-26,Medium
F1640,Rural,2,3,7,Limited,450,4,46,2028-06-27,High
F1641,Semi-Urban,8,2,1,Limited,134,1,18,2028-06-28,Low
F1642,Rural,6,1,7,Unavailable,707,3,7,2028-06-29,Medium
F1643,Semi-Urban,6,10,10,Limited,140,3,42,2028-06-30,High
F1644,Semi-Urban,9,3,8,Available,544,2,40,2028-07-01,Medium
F1645,Urban,8,1,9,Available,918,5,24,2028-07-02,Medium
F1646,Semi-Urban,4,1,3,Limited,435,4,14,2028-07-03,Medium
F1647,Urban,4,1,4,Available,182,2,5,2028-07-04,Low
F1648,Rural,9,8,4,Available,806,6,46,2028-07-05,Medium
F1649,Semi-Urban,1,3,9,Available,929,5,22,2028-07-06,Medium
F1650,Semi-Urban,2,1,7,Unavailable,707,1,22,2028-07-07,High
F1651,Urban,2,7,3,Available,356,2,10,2028-07-08,Medium
F1652,Urban,6,10,10,Limited,398,1,26,2028-07-09,High
F1653,Urban,4,3,5,Available,343,2,15,2028-07-10,Medium
F1654,Urban,10,8,7,Available,192,4,38,2028-07-11,Medium
F1655,Urban,3,4,8,Available,806,3,41,2028-07-12,Medium
F1656,Rural,3,4,1,Limited,83,3,42,2028-07-13,Medium
F1657,Semi-Urban,3,5,2,Available,120,6,1,2028-07-14,Low
F1658,Urban,6,6,7,Limited,341,1,14,2028-07-15,Medium
F1659,Urban,8,7,2,Available,994,2,36,2028-07-16,Medium
F1660,Urban,7,4,7,Available,85,7,31,2028-07-17,Medium
F1661,Semi-Urban,4,8,9,Available,862,0,28,2028-07-18,Medium
F1662,Semi-Urban,4,6,2,Available,576,2,34,2028-07-19,Medium
F1663,Rural,10,1,7,Available,618,2,35,2028-07-20,Low
F1664,Semi-Urban,2,1,4,Available,477,6,39,2028-07-21,Medium
F1665,Rural,1,9,2,Limited,598,2,23,2028-07-22,Medium
F1666,Rural,9,10,7,Available,472,3,46,2028-07-23,Medium
F1667,Urban,2,6,5,Available,278,4,44,2028-07-24,Medium
F1668,Rural,8,10,1,Limited,953,3,19,2028-07-25,Medium
F1669,Urban,9,8,5,Available,736,3,18,2028-07-26,Medium
F1670,Rural,4,7,3,Available,445,2,15,2028-07-27,Medium
F1671,Urban,8,6,7,Available,998,0,1,2028-07-28,Low
F1672,Rural,9,4,6,Available,955,2,25,2028-07-29,Medium
F1673,Rural,10,7,8,Available,197,6,26,2028-07-30,Medium
F1674,Rural,10,9,5,Unavailable,950,4,35,2028-07-31,High
F1675,Semi-Urban,5,10,2,Available,299,4,15,2028-08-01,Medium
F1676,Urban,7,10,9,Available,363,3,4,2028-08-02,Medium
F1677,Urban,10,7,8,Available,36,4,15,2028-08-03,Low
F1678,Urban,4,1,6,Limited,315,1,42,2028-08-04,Medium
F1679,Urban,1,10,10,Available,221,3,38,2028-08-05,High
F1680,Semi-Urban,3,9,7,Limited,981,1,45,2028-08-06,High
F1681,Urban,5,4,9,Unavailable,703,3,39,2028-08-07,High
F1682,Rural,3,3,7,Unavailable,938,0,1,2028-08-08,Medium
F1683,Semi-Urban,7,4,3,Limited,793,3,22,2028-08-09,Medium
F1684,Rural,9,4,6,Available,213,0,11,2028-08-10,Low
F1685,Urban,6,10,7,Limited,168,4,46,2028-08-11,High
F1686,Rural,10,2,2,Available,394,1,38,2028-08-12,Low
F1687,Rural,1,1,3,Limited,907,2,37,2028-08-13,Medium
F1688,Semi-Urban,7,10,4,Available,54,3,26,2028-08-14,Medium
F1689,Semi-Urban,3,1,10,Limited,388,2,27,2028-08-15,Medium
F1690,Semi-Urban,5,8,6,Available,48,7,13,2028-08-16,Medium
F1691,Urban,10,2,1,Available,794,5,7,2028-08-17,Low
F1692,Semi-Urban,4,10,9,Unavailable,240,1,8,2028-08-18,High
F1693,Urban,10,5,5,Available,72,1,46,2028-08-19,Low
F1694,Urban,5,4,7,Available,952,3,23,2028-08-20,Medium
F1695,Urban,5,8,9,Available,810,3,26,2028-08-21,Medium
F1696,Urban,6,2,9,Unavailable,372,3,44,2028-08-22,High
F1697,Urban,10,10,1,Available,411,4,27,2028-08-23,Low
F1698,Urban,10,9,1,Available,95,2,9,2028-08-24,Low
F1699,Rural,6,7,3,Available,513,2,46,2028-08-25,Medium
F1700,Semi-Urban,8,7,6,Available,707,4,38,2028-08-26,Medium
F1701,Rural,8,1,2,Unavailable,541,1,47,2028-08-27,Medium
F1702,Urban,9,2,10,Limited,994,3,13,2028-08-28,Medium
F1703,Urban,8,4,1,Available,136,5,7,2028-08-29,Low
F1704,Semi-Urban,2,4,1,Available,299,4,11,2028-08-30,Low
F1705,Urban,10,3,5,Limited,749,5,10,2028-08-31,Medium
F1706,Urban,1,7,4,Available,194,3,33,2028-09-01,Medium
F1707,Semi-Urban,10,8,1,Available,765,1,39,2028-09-02,Low
F1708,Urban,2,2,4,Available,968,6,3,2028-09-03,Medium
F1709,Semi-Urban,2,4,3,Available,783,6,41,2028-09-04,Medium
F1710,Semi-Urban,3,3,2,Available,314,5,29,2028-09-05,Medium
F1711,Urban,10,2,9,Available,470,3,37,2028-09-06,Medium
F1712,Urban,7,6,1,Available,853,4,45,2028-09-07,Medium
F1713,Semi-Urban,2,4,7,Available,537,2,16,2028-09-08,Medium
F1714,Semi-Urban,1,6,4,Limited,40,2,16,2028-09-09,Medium
F1715,Urban,6,2,5,Available,92,1,44,2028-09-10,Medium
F1716,Rural,9,4,10,Unavailable,861,3,43,2028-09-11,High
F1717,Urban,3,6,5,Available,55,3,7,2028-09-12,Medium
F1718,Semi-Urban,6,5,1,Limited,526,4,15,2028-09-13,Medium
F1719,Rural,3,3,6,Limited,918,6,38,2028-09-14,High
F1720,Urban,1,8,9,Unavailable,252,4,6,2028-09-15,High
F1721,Urban,5,7,2,Limited,747,4,18,2028-09-16,Medium
F1722,Urban,10,3,7,Available,516,5,19,2028-09-17,Low
F1723,Urban,4,6,6,Available,225,2,2,2028-09-18,Medium
F1724,Urban,7,4,5,Available,445,5,3,2028-09-19,Low
F1725,Semi-Urban,6,5,4,Available,960,1,46,2028-09-20,Medium
F1726,Urban,10,5,4,Available,63,2,25,2028-09-21,Low
F1727,Semi-Urban,7,7,6,Limited,110,5,36,2028-09-22,Medium
F1728,Rural,5,5,4,Available,948,2,28,2028-09-23,Medium
F1729,Rural,4,3,5,Available,847,4,38,2028-09-24,Medium
F1730,Semi-Urban,7,10,6,Unavailable,489,4,28,2028-09-25,High
F1731,Urban,7,5,5,Available,624,4,32,2028-09-26,Medium
F1732,Semi-Urban,6,7,7,Available,486,4,41,2028-09-27,Medium
F1733,Semi-Urban,8,5,9,Limited,870,1,36,2028-09-28,Medium
F1734,Urban,4,5,10,Available,473,4,39,2028-09-29,Medium
F1735,Urban,10,9,7,Available,614,3,36,2028-09-30,Medium
F1736,Rural,5,3,7,Unavailable,352,4,43,2028-10-01,High
F1737,Urban,4,6,4,Unavailable,526,1,23,2028-10-02,Medium
F1738,Urban,1,1,1,Limited,813,2,2,2028-10-03,Medium
F1739,Urban,8,10,8,Available,489,1,10,2028-10-04,Medium
F1740,Urban,1,5,4,Limited,40,2,6,2028-10-05,Medium
F1741,Rural,5,8,1,Available,247,4,8,2028-10-06,Low
F1742,Semi-Urban,6,5,5,Available,395,3,15,2028-10-07,Medium
F1743,Semi-Urban,6,9,8,Available,149,5,45,2028-10-08,Medium
F1744,Urban,5,6,4,Available,706,3,29,2028-10-09,Medium
F1745,Urban,3,8,8,Available,639,4,28,2028-10-10,Medium
F1746,Semi-Urban,5,10,8,Available,433,2,22,2028-10-11,Medium
F1747,Urban,8,8,3,Available,814,5,34,2028-10-12,Medium
F1748,Urban,2,3,9,Available,90,2,20,2028-10-13,Medium
F1749,Semi-Urban,6,7,3,Limited,423,2,33,2028-10-14,Medium
F1750,Urban,9,7,1,Available,581,2,15,2028-10-15,Low
F1751,Semi-Urban,8,10,2,Available,626,2,7,2028-10-16,Low
F1752,Urban,8,6,6,Available,810,5,24,2028-10-17,Medium
F1753,Urban,8,7,10,Available,416,3,26,2028-10-18,Medium
F1754,Urban,7,2,2,Available,356,2,10,2028-10-19,Low
F1755,Rural,8,9,6,Available,663,6,15,2028-10-20,Medium
F1756,Rural,6,10,1,Available,524,0,37,2028-10-21,Medium
F1757,Rural,2,10,1,Unavailable,929,1,24,2028-10-22,High
F1758,Semi-Urban,2,1,5,Available,295,6,11,2028-10-23,Medium
F1759,Urban,8,1,10,Available,911,7,40,2028-10-24,Medium
F1760,Semi-Urban,1,3,9,Available,32,5,21,2028-10-25,Medium
F1761,Semi-Urban,6,3,8,Available,22,5,40,2028-10-26,Medium
F1762,Rural,6,1,3,Available,997,3,38,2028-10-27,Medium
F1763,Urban,4,7,3,Available,243,3,15,2028-10-28,Medium
F1764,Semi-Urban,10,4,1,Available,993,2,15,2028-10-29,Low
F1765,Urban,3,10,3,Unavailable,194,2,37,2028-10-30,High
F1766,Urban,3,2,1,Limited,918,1,45,2028-10-31,Medium
F1767,Semi-Urban,1,10,8,Available,404,1,14,2028-11-01,Medium
F1768,Semi-Urban,3,5,1,Limited,621,2,43,2028-11-02,Medium
F1769,Urban,4,6,5,Available,939,4,21,2028-11-03,Medium
F1770,Urban,5,9,9,Limited,260,5,44,2028-11-04,High
F1771,Semi-Urban,3,4,7,Available,566,2,20,2028-11-05,Medium
F1772,Semi-Urban,6,2,4,Available,33,3,33,2028-11-06,Low
F1773,Rural,5,5,9,Limited,214,3,3,2028-11-07,Medium
F1774,Rural,3,3,9,Limited,416,4,40,2028-11-08,High
F1775,Semi-Urban,6,2,2,Limited,450,8,23,2028-11-09,Medium
F1776,Urban,6,1,10,Available,325,4,44,2028-11-10,Medium
F1777,Semi-Urban,8,10,10,Unavailable,353,4,47,2028-11-11,High
F1778,Urban,2,2,6,Unavailable,744,2,23,2028-11-12,High
F1779,Urban,1,6,4,Available,429,3,27,2028-11-13,Medium
F1780,Rural,4,8,8,Available,22,2,35,2028-11-14,Medium
F1781,Urban,7,3,7,Available,710,0,25,2028-11-15,Medium
F1782,Rural,10,9,7,Unavailable,571,3,32,2028-11-16,Medium
F1783,Semi-Urban,3,9,10,Available,471,2,22,2028-11-17,Medium
F1784,Semi-Urban,3,2,9,Available,695,3,8,2028-11-18,Medium
F1785,Semi-Urban,5,8,5,Available,838,1,38,2028-11-19,Medium
F1786,Rural,5,10,6,Available,766,3,18,2028-11-20,Medium
F1787,Semi-Urban,10,5,1,Available,788,0,28,2028-11-21,Low
F1788,Semi-Urban,3,4,6,Available,891,2,28,2028-11-22,Medium
F1789,Urban,9,10,2,Unavailable,514,3,11,2028-11-23,Medium
F1790,Semi-Urban,4,5,6,Available,436,3,12,2028-11-24,Medium
F1791,Urban,3,4,9,Limited,410,0,2,2028-11-25,Medium
F1792,Semi-Urban,2,8,8,Available,392,5,37,2028-11-26,High
F1793,Semi-Urban,10,4,9,Available,647,2,4,2028-11-27,Low
F1794,Semi-Urban,9,10,10,Available,71,5,41,2028-11-28,Medium
F1795,Urban,4,6,8,Available,395,3,45,2028-11-29,Medium
F1796,Urban,3,2,3,Available,414,3,45,2028-11-30,Medium
F1797,Semi-Urban,7,5,8,Unavailable,942,3,47,2028-12-01,High
F1798,Urban,8,6,6,Available,161,2,34,2028-12-02,Medium
F1799,Urban,2,5,6,Available,105,5,23,2028-12-03,Medium
F1800,Urban,7,2,6,Available,483,2,13,2028-12-04,Low
F1801,Rural,5,7,3,Available,65,2,7,2028-12-05,Low
F1802,Semi-Urban,5,4,10,Unavailable,863,2,32,2028-12-06,High
F1803,Urban,3,8,1,Available,257,3,23,2028-12-07,Medium
F1804,Urban,5,7,4,Available,29,2,8,2028-12-08,Low
F1805,Urban,2,7,10,Available,683,2,47,2028-12-09,High
F1806,Semi-Urban,4,9,6,Available,592,2,47,2028-12-10,Medium
F1807,Semi-Urban,6,1,10,Available,549,1,37,2028-12-11,Medium
F1808,Urban,1,10,2,Available,617,3,34,2028-12-12,Medium
F1809,Urban,10,6,7,Available,668,0,48,2028-12-13,Medium
F1810,Urban,4,6,7,Available,932,1,29,2028-12-14,Medium
F1811,Semi-Urban,6,6,4,Available,761,6,37,2028-12-15,Medium
F1812,Semi-Urban,9,6,4,Limited,659,1,23,2028-12-16,Medium
F1813,Urban,2,10,1,Available,635,5,38,2028-12-17,Medium
F1814,Urban,7,7,2,Limited,717,2,29,2028-12-18,Medium
F1815,Urban,6,10,9,Limited,928,5,44,2028-12-19,High
F1816,Rural,2,6,10,Available,197,3,5,2028-12-20,Medium
F1817,Urban,8,1,8,Available,888,0,40,2028-12-21,Medium
F1818,Semi-Urban,7,3,8,Available,25,1,11,2028-12-22,Low
F1819,Semi-Urban,5,2,9,Limited,872,3,14,2028-12-23,Medium
F1820,Urban,5,6,7,Available,326,0,42,2028-12-24,Medium
F1821,Urban,7,8,9,Available,567,1,2,2028-12-25,Medium
F1822,Urban,9,3,10,Available,346,0,35,2028-12-26,Medium
F1823,Semi-Urban,9,10,2,Unavailable,375,4,45,2028-12-27,Medium
F1824,Semi-Urban,9,8,6,Available,812,1,35,2028-12-28,Medium
F1825,Semi-Urban,6,8,3,Available,414,0,42,2028-12-29,Medium
F1826,Semi-Urban,10,5,6,Available,319,2,28,2028-12-30,Low
F1827,Urban,6,8,3,Available,545,4,8,2028-12-31,Medium
F1828,Rural,3,6,8,Available,768,4,32,2029-01-01,Medium
F1829,Semi-Urban,1,5,4,Limited,304,4,4,2029-01-02,Medium
F1830,Urban,7,9,10,Limited,349,1,45,2029-01-03,High
F1831,Rural,4,7,6,Limited,69,3,7,2029-01-04,Medium
F1832,Semi-Urban,1,8,9,Available,792,2,39,2029-01-05,High
F1833,Semi-Urban,8,1,2,Available,987,1,48,2029-01-06,Medium
F1834,Semi-Urban,6,2,2,Available,641,0,27,2029-01-07,Low
F1835,Rural,6,8,7,Available,728,4,37,2029-01-08,Medium
F1836,Semi-Urban,2,9,2,Available,397,2,17,2029-01-09,Medium
F1837,Urban,1,4,2,Available,783,2,10,2029-01-10,Medium
F1838,Urban,2,10,4,Available,619,1,4,2029-01-11,Medium
F1839,Rural,4,10,9,Available,844,3,23,2029-01-12,Medium
F1840,Urban,2,9,8,Available,557,4,14,2029-01-13,Medium
F1841,Urban,1,4,2,Unavailable,793,6,5,2029-01-14,Medium
F1842,Urban,7,10,8,Available,163,2,2,2029-01-15,Medium
F1843,Urban,8,10,4,Unavailable,79,2,46,2029-01-16,Medium
F1844,Semi-Urban,6,10,2,Limited,887,3,24,2029-01-17,Medium
F1845,Rural,4,9,10,Available,799,2,18,2029-01-18,Medium
F1846,Urban,6,7,7,Available,94,1,27,2029-01-19,Medium
F1847,Urban,3,2,6,Available,22,1,24,2029-01-20,Medium
F1848,Urban,8,9,10,Limited,594,2,29,2029-01-21,Medium
F1849,Rural,10,4,5,Available,767,3,11,2029-01-22,Low
F1850,Semi-Urban,2,8,1,Unavailable,467,6,48,2029-01-23,High
F1851,Urban,5,7,2,Available,977,1,18,2029-01-24,Medium
F1852,Rural,1,7,8,Limited,760,1,48,2029-01-25,High
F1853,Rural,6,8,1,Limited,921,2,4,2029-01-26,Medium
F1854,Rural,2,1,3,Available,294,3,33,2029-01-27,Medium
F1855,Rural,4,5,2,Available,549,1,14,2029-01-28,Low
F1856,Urban,6,2,5,Available,611,3,44,2029-01-29,Medium
F1857,Semi-Urban,10,2,4,Available,234,7,42,2029-01-30,Low
F1858,Semi-Urban,8,1,7,Available,702,0,32,2029-01-31,Medium
F1859,Rural,8,5,5,Limited,504,1,4,2029-02-01,Medium
F1860,Semi-Urban,6,2,8,Available,348,4,20,2029-02-02,Medium
F1861,Semi-Urban,4,4,4,Unavailable,274,3,21,2029-02-03,Medium
F1862,Semi-Urban,8,3,6,Limited,406,4,3,2029-02-04,Medium
F1863,Urban,8,3,4,Available,145,1,25,2029-02-05,Low
F1864,Semi-Urban,10,2,2,Unavailable,786,3,4,2029-02-06,Low
F1865,Rural,1,6,1,Available,603,4,47,2029-02-07,Medium
F1866,Rural,4,2,1,Limited,569,4,11,2029-02-08,Medium
F1867,Urban,4,8,8,Available,343,3,16,2029-02-09,Medium
F1868,Urban,7,8,4,Available,223,3,36,2029-02-10,Medium
F1869,Urban,7,5,5,Available,191,3,6,2029-02-11,Low
F1870,Semi-Urban,8,10,8,Available,754,2,31,2029-02-12,Medium
F1871,Rural,5,7,7,Available,236,2,40,2029-02-13,Medium
F1872,Urban,7,4,8,Available,264,4,13,2029-02-14,Medium
F1873,Semi-Urban,8,1,8,Available,355,3,23,2029-02-15,Low
F1874,Rural,9,2,6,Unavailable,722,2,4,2029-02-16,Medium
F1875,Semi-Urban,3,10,10,Available,317,2,37,2029-02-17,High
F1876,Semi-Urban,3,10,2,Available,851,4,42,2029-02-18,Medium
F1877,Semi-Urban,4,4,6,Available,201,1,37,2029-02-19,Medium
F1878,Semi-Urban,5,1,1,Limited,353,6,44,2029-02-20,Medium
F1879,Urban,10,8,1,Unavailable,530,3,33,2029-02-21,Medium
F1880,Semi-Urban,1,9,3,Available,402,2,42,2029-02-22,Medium
F1881,Semi-Urban,7,4,3,Available,736,3,29,2029-02-23,Medium
F1882,Rural,9,10,5,Available,892,5,37,2029-02-24,Medium
F1883,Semi-Urban,8,3,1,Available,218,3,19,2029-02-25,Low
F1884,Semi-Urban,5,2,10,Limited,351,2,20,2029-02-26,Medium
F1885,Urban,4,5,6,Available,184,0,32,2029-02-27,Medium
F1886,Semi-Urban,7,3,7,Unavailable,261,4,44,2029-02-28,High
F1887,Urban,5,10,10,Available,919,4,16,2029-03-01,Medium
F1888,Urban,7,7,3,Unavailable,661,3,5,2029-03-02,Medium
F1889,Semi-Urban,1,6,4,Available,246,6,46,2029-03-03,Medium
F1890,Rural,1,1,10,Limited,653,3,12,2029-03-04,Medium
F1891,Urban,10,8,10,Unavailable,575,1,45,2029-03-05,High
F1892,Urban,3,2,10,Unavailable,470,1,21,2029-03-06,High
F1893,Rural,2,5,10,Available,215,4,14,2029-03-07,Medium
F1894,Urban,2,9,10,Available,889,3,37,2029-03-08,High
F1895,Semi-Urban,7,8,3,Available,223,1,22,2029-03-09,Low
F1896,Semi-Urban,10,2,1,Available,998,1,30,2029-03-10,Low
F1897,Semi-Urban,2,9,8,Available,477,1,23,2029-03-11,Medium
F1898,Urban,4,5,10,Available,849,2,5,2029-03-12,Medium
F1899,Urban,2,10,10,Available,276,3,29,2029-03-13,High
F1900,Semi-Urban,6,6,2,Available,548,1,30,2029-03-14,Medium
F1901,Semi-Urban,8,3,1,Available,291,2,18,2029-03-15,Low
F1902,Urban,10,3,8,Available,28,2,46,2029-03-16,Medium
F1903,Semi-Urban,4,10,7,Available,780,4,1,2029-03-17,Medium
F1904,Urban,5,8,7,Available,968,2,39,2029-03-18,Medium
F1905,Semi-Urban,4,10,4,Available,220,3,17,2029-03-19,Medium
F1906,Urban,3,10,9,Available,78,3,3,2029-03-20,Medium
F1907,Rural,5,2,6,Unavailable,906,2,42,2029-03-21,High
F1908,Urban,9,2,2,Unavailable,412,3,7,2029-03-22,Low
F1909,Urban,8,5,1,Unavailable,671,2,27,2029-03-23,Medium
F1910,Urban,8,6,1,Limited,138,2,28,2029-03-24,Medium
F1911,Urban,8,2,9,Available,572,1,44,2029-03-25,Medium
F1912,Rural,8,5,4,Available,418,5,31,2029-03-26,Medium
F1913,Rural,7,7,5,Available,853,8,15,2029-03-27,Medium
F1914,Urban,8,10,3,Available,350,4,48,2029-03-28,Medium
F1915,Urban,8,10,4,Available,286,1,8,2029-03-29,Low
F1916,Semi-Urban,8,8,8,Available,539,5,6,2029-03-30,Medium
F1917,Rural,10,7,4,Available,714,4,28,2029-03-31,Medium
F1918,Semi-Urban,7,8,9,Available,499,1,4,2029-04-01,Medium
F1919,Urban,1,9,9,Limited,153,5,30,2029-04-02,High
F1920,Urban,4,5,6,Available,712,1,43,2029-04-03,Medium
F1921,Semi-Urban,4,5,2,Available,935,3,17,2029-04-04,Medium
F1922,Urban,5,10,10,Available,954,3,34,2029-04-05,High
F1923,Semi-Urban,10,4,7,Available,374,5,6,2029-04-06,Low
F1924,Urban,6,9,9,Available,603,2,36,2029-04-07,Medium
F1925,Semi-Urban,4,5,6,Unavailable,517,1,35,2029-04-08,High
F1926,Urban,2,2,3,Available,644,1,39,2029-04-09,Medium
F1927,Semi-Urban,6,10,7,Available,126,0,39,2029-04-10,Medium
F1928,Semi-Urban,8,8,5,Available,309,5,16,2029-04-11,Medium
F1929,Semi-Urban,8,7,1,Available,844,5,2,2029-04-12,Low
F1930,Urban,7,8,3,Limited,648,2,8,2029-04-13,Medium
F1931,Semi-Urban,6,3,5,Available,651,3,15,2029-04-14,Medium
F1932,Semi-Urban,2,4,7,Limited,166,3,27,2029-04-15,Medium
F1933,Semi-Urban,7,5,3,Unavailable,346,1,16,2029-04-16,Medium
F1934,Semi-Urban,5,6,6,Limited,434,2,1,2029-04-17,Medium
F1935,Semi-Urban,6,1,5,Available,229,3,10,2029-04-18,Low
F1936,Rural,10,4,1,Available,315,7,7,2029-04-19,Low
F1937,Urban,8,10,10,Available,417,4,48,2029-04-20,Medium
F1938,Rural,8,5,6,Available,122,2,10,2029-04-21,Low
F1939,Semi-Urban,3,7,8,Limited,655,2,12,2029-04-22,Medium
F1940,Urban,7,5,1,Limited,776,1,17,2029-04-23,Medium
F1941,Urban,1,1,2,Limited,527,2,45,2029-04-24,Medium
F1942,Urban,1,7,4,Limited,910,4,12,2029-04-25,Medium
F1943,Semi-Urban,7,8,2,Available,887,1,15,2029-04-26,Low
F1944,Semi-Urban,10,7,9,Available,228,7,46,2029-04-27,Medium
F1945,Semi-Urban,9,4,10,Available,952,1,32,2029-04-28,Medium
F1946,Semi-Urban,7,8,8,Unavailable,447,4,32,2029-04-29,High
F1947,Urban,10,5,8,Limited,412,2,26,2029-04-30,Medium
F1948,Urban,5,10,4,Available,845,1,14,2029-05-01,Medium
F1949,Urban,8,9,5,Limited,935,7,26,2029-05-02,Medium
F1950,Urban,2,10,4,Limited,128,5,5,2029-05-03,Medium
F1951,Urban,9,5,9,Unavailable,908,4,38,2029-05-04,High
F1952,Urban,6,1,2,Limited,367,4,46,2029-05-05,Medium
F1953,Semi-Urban,9,9,8,Available,69,3,4,2029-05-06,Low
F1954,Semi-Urban,2,5,2,Available,935,5,28,2029-05-07,Medium
F1955,Rural,3,6,1,Available,124,2,1,2029-05-08,Low
F1956,Rural,8,4,10,Available,439,3,13,2029-05-09,Medium
F1957,Semi-Urban,1,6,3,Available,392,5,43,2029-05-10,Medium
F1958,Urban,10,8,9,Available,46,5,3,2029-05-11,Low
F1959,Semi-Urban,7,3,3,Limited,987,3,25,2029-05-12,Medium
F1960,Semi-Urban,7,5,9,Available,819,2,42,2029-05-13,Medium
F1961,Urban,1,2,7,Unavailable,788,0,16,2029-05-14,High
F1962,Urban,9,2,10,Available,292,3,21,2029-05-15,Medium
F1963,Rural,8,7,1,Available,668,2,13,2029-05-16,Low
F1964,Urban,4,10,10,Available,359,0,44,2029-05-17,High
F1965,Semi-Urban,10,10,5,Available,320,1,36,2029-05-18,Medium
F1966,Semi-Urban,5,10,9,Available,499,1,8,2029-05-19,Medium
F1967,Urban,2,6,3,Available,853,2,44,2029-05-20,Medium
F1968,Urban,9,4,9,Available,563,3,19,2029-05-21,Medium
F1969,Urban,6,5,5,Available,576,1,47,2029-05-22,Medium
F1970,Urban,3,1,9,Available,284,2,16,2029-05-23,Medium
F1971,Urban,7,7,10,Limited,561,5,12,2029-05-24,Medium
F1972,Rural,9,8,6,Available,615,6,20,2029-05-25,Medium
F1973,Urban,3,9,9,Available,185,5,18,2029-05-26,Medium
F1974,Semi-Urban,2,8,7,Limited,335,6,12,2029-05-27,High
F1975,Urban,7,5,7,Available,20,1,48,2029-05-28,Medium
F1976,Rural,7,3,8,Unavailable,780,1,25,2029-05-29,Medium
F1977,Urban,4,10,7,Limited,280,7,11,2029-05-30,Medium
F1978,Urban,9,9,9,Limited,82,2,22,2029-05-31,Medium
F1979,Rural,8,6,9,Available,502,2,46,2029-06-01,Medium
F1980,Rural,1,5,6,Limited,695,3,34,2029-06-02,High
F1981,Urban,1,3,7,Limited,340,4,13,2029-06-03,Medium
F1982,Rural,5,6,2,Available,865,4,46,2029-06-04,Medium
F1983,Semi-Urban,6,3,9,Available,220,2,38,2029-06-05,Medium
F1984,Semi-Urban,3,10,1,Available,241,1,12,2029-06-06,Medium
F1985,Urban,9,6,1,Limited,171,3,39,2029-06-07,Medium
F1986,Urban,10,4,3,Available,663,2,36,2029-06-08,Low
F1987,Semi-Urban,6,2,6,Limited,645,4,28,2029-06-09,Medium
F1988,Semi-Urban,4,8,5,Available,481,5,27,2029-06-10,Medium
F1989,Urban,7,4,2,Limited,236,1,39,2029-06-11,Medium
F1990,Semi-Urban,8,9,9,Available,215,7,13,2029-06-12,Medium
F1991,Semi-Urban,9,7,10,Available,812,3,43,2029-06-13,Medium
F1992,Urban,6,2,4,Available,221,1,40,2029-06-14,Medium
F1993,Semi-Urban,6,4,4,Available,666,8,27,2029-06-15,Medium
F1994,Urban,8,5,5,Available,253,2,31,2029-06-16,Low
F1995,Semi-Urban,5,3,8,Available,160,3,2,2029-06-17,Low
F1996,Semi-Urban,3,9,10,Available,727,3,18,2029-06-18,Medium
F1997,Rural,3,5,4,Unavailable,517,6,26,2029-06-19,High
F1998,Urban,6,2,5,Limited,574,2,42,2029-06-20,Medium
F1999,Urban,2,3,4,Available,76,4,31,2029-06-21,Medium
F2000,Urban,6,9,6,Available,951,1,38,2029-06-22,Medium
